#Machine Module,SSA3021X
#Y Axis Scale,LOG
#Y Axis Unit,dBm
#Impedance,50
#Number of Points,751
#Sweep Time(s),0.024000,Auto
#Start Frequency,+0.000000000e+00
#Stop Frequency,+5.000000000e+07
#Average Type,Log Pwr
#RBW,300000.000000,Auto
#VBW,300000.000000,Auto
#Sweep Type,Continuous
#Sweep Mode,Auto
#Sweep Rule,Speed
#PreAmp State,ON
#Ref Level,-1.000000000e+01
#Attenuation,30,Auto
#Trigger Source,FreeRun
#Trigger Level,+0.000000000e+00
#Trigger Edge,FALL
#Marker Information
#Marker,Trace,Type,X Axis,Amplitude
#M1,A,Frequency,5.000000 MHz,-53.48 dBm
#Trace Math,0
#Trace Variable X,Trace A
#Trace Variable Y,Trace B
#Trace Variable Z,Trace C
#Trace Name,Trace A,Trace B,Trace C,Trace D
#Trace Type,View,View,View,View
#Trace Detector,Sample,Sample,Sample,Sample
#Trace Data
0.000000e+00,-1.873358e+01,-1.872044e+01,-1.873935e+01,-1.873010e+01
6.666700e+04,-1.982904e+01,-1.984471e+01,-1.983979e+01,-1.983154e+01
1.333330e+05,-2.164849e+01,-2.165864e+01,-2.166833e+01,-2.166042e+01
2.000000e+05,-2.459537e+01,-2.457906e+01,-2.461449e+01,-2.460856e+01
2.666670e+05,-2.870960e+01,-2.869250e+01,-2.869478e+01,-2.870824e+01
3.333330e+05,-3.392203e+01,-3.402653e+01,-3.396327e+01,-3.397470e+01
4.000000e+05,-4.035755e+01,-4.037882e+01,-4.042461e+01,-4.041139e+01
4.666670e+05,-4.777684e+01,-4.806788e+01,-4.795114e+01,-4.814133e+01
5.333330e+05,-5.124857e+01,-5.447337e+01,-5.596763e+01,-5.685037e+01
6.000000e+05,-5.192703e+01,-5.522111e+01,-5.821759e+01,-6.642321e+01
6.666670e+05,-5.427737e+01,-5.615214e+01,-5.999693e+01,-7.181735e+01
7.333330e+05,-5.313982e+01,-5.651180e+01,-5.956967e+01,-7.074342e+01
8.000000e+05,-5.298270e+01,-5.639547e+01,-5.960197e+01,-7.138049e+01
8.666670e+05,-5.262909e+01,-5.629163e+01,-5.946147e+01,-7.034224e+01
9.333330e+05,-5.274913e+01,-5.686334e+01,-5.982846e+01,-7.151058e+01
1.000000e+06,-5.325968e+01,-5.655769e+01,-6.053926e+01,-7.081480e+01
1.066667e+06,-5.343832e+01,-5.603758e+01,-5.916618e+01,-7.104579e+01
1.133333e+06,-5.336194e+01,-5.719841e+01,-5.992076e+01,-7.097546e+01
1.200000e+06,-5.354743e+01,-5.579016e+01,-5.945589e+01,-7.124102e+01
1.266667e+06,-5.242320e+01,-5.745193e+01,-5.946312e+01,-7.115124e+01
1.333333e+06,-5.315928e+01,-5.681972e+01,-5.977745e+01,-7.044765e+01
1.400000e+06,-5.290507e+01,-5.637948e+01,-6.072943e+01,-7.139189e+01
1.466667e+06,-5.291634e+01,-5.741622e+01,-6.067762e+01,-7.132580e+01
1.533333e+06,-5.351637e+01,-5.736197e+01,-5.984020e+01,-7.027687e+01
1.600000e+06,-5.308680e+01,-5.728467e+01,-6.093620e+01,-7.154692e+01
1.666667e+06,-5.299865e+01,-5.628433e+01,-6.090793e+01,-7.070713e+01
1.733333e+06,-5.252115e+01,-5.707002e+01,-6.055627e+01,-7.027550e+01
1.800000e+06,-5.253175e+01,-5.756335e+01,-6.087698e+01,-7.069250e+01
1.866667e+06,-5.337482e+01,-5.721490e+01,-5.956010e+01,-7.106711e+01
1.933333e+06,-5.292274e+01,-5.745560e+01,-5.992416e+01,-6.961904e+01
2.000000e+06,-5.309354e+01,-5.659127e+01,-6.023859e+01,-7.088057e+01
2.066667e+06,-5.271423e+01,-5.676896e+01,-6.064390e+01,-7.033815e+01
2.133333e+06,-5.375701e+01,-5.597204e+01,-6.005682e+01,-7.026445e+01
2.200000e+06,-5.325516e+01,-5.725652e+01,-5.976950e+01,-6.964028e+01
2.266667e+06,-5.394726e+01,-5.680189e+01,-6.078903e+01,-7.052001e+01
2.333333e+06,-5.234943e+01,-5.690141e+01,-6.082691e+01,-7.006909e+01
2.400000e+06,-5.249415e+01,-5.690207e+01,-6.033169e+01,-7.009257e+01
2.466667e+06,-5.355733e+01,-5.744676e+01,-6.069249e+01,-7.081781e+01
2.533333e+06,-5.399991e+01,-5.721044e+01,-6.001616e+01,-7.021770e+01
2.600000e+06,-5.354289e+01,-5.760533e+01,-6.032529e+01,-6.918126e+01
2.666667e+06,-5.354942e+01,-5.787355e+01,-6.024338e+01,-6.902790e+01
2.733333e+06,-5.360823e+01,-5.684744e+01,-6.031135e+01,-6.950305e+01
2.800000e+06,-5.409192e+01,-5.750500e+01,-6.061504e+01,-7.040198e+01
2.866667e+06,-5.379815e+01,-5.706581e+01,-6.023016e+01,-7.046107e+01
2.933333e+06,-5.263312e+01,-5.665755e+01,-5.962927e+01,-6.919191e+01
3.000000e+06,-5.318337e+01,-5.683655e+01,-6.047142e+01,-6.890131e+01
3.066667e+06,-5.304171e+01,-5.624600e+01,-6.020943e+01,-6.995847e+01
3.133334e+06,-5.357132e+01,-5.743315e+01,-6.127352e+01,-7.013256e+01
3.200000e+06,-5.359762e+01,-5.682672e+01,-5.985666e+01,-6.880999e+01
3.266667e+06,-5.401360e+01,-5.634379e+01,-6.084535e+01,-7.012462e+01
3.333333e+06,-5.287329e+01,-5.729079e+01,-6.019421e+01,-6.897405e+01
3.400000e+06,-5.338400e+01,-5.777383e+01,-5.933257e+01,-6.942179e+01
3.466667e+06,-5.297453e+01,-5.711293e+01,-5.913331e+01,-6.913385e+01
3.533333e+06,-5.298187e+01,-5.695940e+01,-6.012668e+01,-6.898193e+01
3.600000e+06,-5.354355e+01,-5.709908e+01,-6.033080e+01,-6.834167e+01
3.666667e+06,-5.347005e+01,-5.733240e+01,-6.082880e+01,-6.911881e+01
3.733333e+06,-5.437217e+01,-5.714821e+01,-6.123729e+01,-6.833485e+01
3.800000e+06,-5.412997e+01,-5.705260e+01,-5.993074e+01,-6.907357e+01
3.866667e+06,-5.355622e+01,-5.660666e+01,-6.016742e+01,-6.907286e+01
3.933334e+06,-5.315641e+01,-5.667105e+01,-5.999326e+01,-6.863675e+01
4.000000e+06,-5.360475e+01,-5.728608e+01,-6.082960e+01,-6.873482e+01
4.066667e+06,-5.385456e+01,-5.728534e+01,-6.101094e+01,-6.874486e+01
4.133333e+06,-5.419137e+01,-5.764317e+01,-5.983606e+01,-6.856484e+01
4.200000e+06,-5.380664e+01,-5.724361e+01,-6.002506e+01,-6.842436e+01
4.266667e+06,-5.360924e+01,-5.663247e+01,-6.000650e+01,-6.963113e+01
4.333333e+06,-5.347535e+01,-5.691446e+01,-6.030272e+01,-6.899054e+01
4.400000e+06,-5.373361e+01,-5.696715e+01,-6.064898e+01,-6.822732e+01
4.466667e+06,-5.391591e+01,-5.726459e+01,-6.084217e+01,-6.833840e+01
4.533334e+06,-5.380811e+01,-5.826211e+01,-6.092052e+01,-6.802949e+01
4.600000e+06,-5.409724e+01,-5.766022e+01,-6.080553e+01,-6.789915e+01
4.666667e+06,-5.301593e+01,-5.705689e+01,-6.024089e+01,-6.792464e+01
4.733334e+06,-5.349260e+01,-5.750323e+01,-6.007898e+01,-6.971711e+01
4.800000e+06,-5.233585e+01,-5.746034e+01,-6.020343e+01,-6.844346e+01
4.866667e+06,-5.469206e+01,-5.738781e+01,-6.048167e+01,-6.768736e+01
4.933334e+06,-5.333415e+01,-5.780422e+01,-6.089758e+01,-6.829621e+01
5.000000e+06,-5.347904e+01,-5.716386e+01,-6.072431e+01,-6.733214e+01
5.066667e+06,-5.386532e+01,-5.720748e+01,-5.996542e+01,-6.829776e+01
5.133333e+06,-5.430896e+01,-5.691119e+01,-5.987432e+01,-6.716702e+01
5.200000e+06,-5.455006e+01,-5.725631e+01,-6.077405e+01,-6.774672e+01
5.266667e+06,-5.371400e+01,-5.744163e+01,-5.997688e+01,-6.769963e+01
5.333334e+06,-5.416512e+01,-5.777457e+01,-5.996626e+01,-6.724811e+01
5.400000e+06,-5.443138e+01,-5.841178e+01,-6.001303e+01,-6.797580e+01
5.466667e+06,-5.291271e+01,-5.754632e+01,-6.057358e+01,-6.802927e+01
5.533334e+06,-5.400247e+01,-5.786678e+01,-6.011926e+01,-6.810139e+01
5.600000e+06,-5.342819e+01,-5.674648e+01,-6.004849e+01,-6.769311e+01
5.666667e+06,-5.416717e+01,-5.663430e+01,-5.990394e+01,-6.677772e+01
5.733334e+06,-5.413903e+01,-5.805208e+01,-5.999664e+01,-6.701291e+01
5.800000e+06,-5.460726e+01,-5.704271e+01,-5.975553e+01,-6.825394e+01
5.866667e+06,-5.370326e+01,-5.738590e+01,-5.996128e+01,-6.852566e+01
5.933333e+06,-5.319439e+01,-5.845307e+01,-5.961149e+01,-6.772666e+01
6.000000e+06,-5.361257e+01,-5.766296e+01,-5.994617e+01,-6.843238e+01
6.066667e+06,-5.386279e+01,-5.815143e+01,-6.112356e+01,-6.766159e+01
6.133334e+06,-5.345458e+01,-5.723508e+01,-6.013599e+01,-6.790344e+01
6.200000e+06,-5.371173e+01,-5.675578e+01,-6.064626e+01,-6.711704e+01
6.266667e+06,-5.345491e+01,-5.782024e+01,-6.121703e+01,-6.763969e+01
6.333334e+06,-5.275909e+01,-5.809259e+01,-6.039248e+01,-6.833327e+01
6.400000e+06,-5.318142e+01,-5.702793e+01,-5.979785e+01,-6.827935e+01
6.466667e+06,-5.421957e+01,-5.717686e+01,-6.002393e+01,-6.781092e+01
6.533333e+06,-5.395919e+01,-5.794150e+01,-6.041295e+01,-6.733459e+01
6.600000e+06,-5.417275e+01,-5.717572e+01,-5.983929e+01,-6.697805e+01
6.666667e+06,-5.329516e+01,-5.683824e+01,-5.953029e+01,-6.732616e+01
6.733333e+06,-5.381796e+01,-5.782054e+01,-6.012375e+01,-6.705183e+01
6.800001e+06,-5.366717e+01,-5.795259e+01,-6.028745e+01,-6.746682e+01
6.866667e+06,-5.390112e+01,-5.789960e+01,-6.104229e+01,-6.689802e+01
6.933334e+06,-5.391225e+01,-5.700355e+01,-6.009776e+01,-6.799927e+01
7.000000e+06,-5.439245e+01,-5.691726e+01,-6.128875e+01,-6.759215e+01
7.066667e+06,-5.382425e+01,-5.707711e+01,-5.934914e+01,-6.740201e+01
7.133334e+06,-5.397498e+01,-5.746973e+01,-5.952612e+01,-6.775265e+01
7.200000e+06,-5.358374e+01,-5.700810e+01,-6.030854e+01,-6.775955e+01
7.266667e+06,-5.449506e+01,-5.673386e+01,-6.082291e+01,-6.788984e+01
7.333334e+06,-5.411072e+01,-5.795808e+01,-6.060013e+01,-6.705242e+01
7.400000e+06,-5.407320e+01,-5.825547e+01,-6.091722e+01,-6.776495e+01
7.466667e+06,-5.332220e+01,-5.808494e+01,-6.011927e+01,-6.742664e+01
7.533333e+06,-5.458312e+01,-5.766093e+01,-6.014879e+01,-6.760362e+01
7.600000e+06,-5.464262e+01,-5.802066e+01,-6.077459e+01,-6.715604e+01
7.666667e+06,-5.384727e+01,-5.735070e+01,-5.953404e+01,-6.661484e+01
7.733334e+06,-5.427728e+01,-5.834238e+01,-6.065269e+01,-6.811709e+01
7.800000e+06,-5.425096e+01,-5.757929e+01,-6.017554e+01,-6.645923e+01
7.866667e+06,-5.479661e+01,-5.715430e+01,-5.889629e+01,-6.716138e+01
7.933334e+06,-5.355605e+01,-5.687723e+01,-5.936897e+01,-6.642023e+01
8.000000e+06,-5.419408e+01,-5.738145e+01,-6.022409e+01,-6.651870e+01
8.066667e+06,-5.431325e+01,-5.747742e+01,-6.015714e+01,-6.712943e+01
8.133333e+06,-5.344733e+01,-5.696745e+01,-6.072573e+01,-6.690930e+01
8.200000e+06,-5.349844e+01,-5.686368e+01,-6.151366e+01,-6.601527e+01
8.266667e+06,-5.449637e+01,-5.871094e+01,-5.977293e+01,-6.615929e+01
8.333333e+06,-5.475298e+01,-5.722554e+01,-6.144338e+01,-6.630897e+01
8.400000e+06,-5.406565e+01,-5.763620e+01,-5.994258e+01,-6.738064e+01
8.466667e+06,-5.421841e+01,-5.764067e+01,-5.965823e+01,-6.714129e+01
8.533333e+06,-5.376133e+01,-5.765575e+01,-6.001987e+01,-6.610549e+01
8.600000e+06,-5.376488e+01,-5.715722e+01,-6.068205e+01,-6.666772e+01
8.666666e+06,-5.434318e+01,-5.747208e+01,-6.048877e+01,-6.677931e+01
8.733334e+06,-5.530475e+01,-5.753911e+01,-6.024765e+01,-6.666373e+01
8.800000e+06,-5.428117e+01,-5.712836e+01,-6.069194e+01,-6.647220e+01
8.866666e+06,-5.456182e+01,-5.716310e+01,-5.960601e+01,-6.754503e+01
8.933334e+06,-5.388723e+01,-5.828023e+01,-5.976545e+01,-6.664698e+01
9.000000e+06,-5.376129e+01,-5.642749e+01,-6.008994e+01,-6.581845e+01
9.066667e+06,-5.513497e+01,-5.675934e+01,-6.120987e+01,-6.654861e+01
9.133333e+06,-5.359652e+01,-5.714460e+01,-5.929707e+01,-6.628109e+01
9.200000e+06,-5.478769e+01,-5.751024e+01,-5.980418e+01,-6.741531e+01
9.266667e+06,-5.395633e+01,-5.728347e+01,-6.021434e+01,-6.600663e+01
9.333333e+06,-5.530697e+01,-5.780585e+01,-6.019421e+01,-6.678528e+01
9.400000e+06,-5.400021e+01,-5.814010e+01,-6.165588e+01,-6.649443e+01
9.466667e+06,-5.423581e+01,-5.764140e+01,-6.042407e+01,-6.649867e+01
9.533334e+06,-5.280327e+01,-5.812434e+01,-6.087529e+01,-6.763315e+01
9.600000e+06,-5.419912e+01,-5.707730e+01,-6.015798e+01,-6.605467e+01
9.666666e+06,-5.365246e+01,-5.746171e+01,-5.993909e+01,-6.611964e+01
9.733333e+06,-5.393559e+01,-5.823188e+01,-6.015998e+01,-6.644480e+01
9.800000e+06,-5.378458e+01,-5.786101e+01,-5.965594e+01,-6.704468e+01
9.866667e+06,-5.426525e+01,-5.722193e+01,-6.004772e+01,-6.702772e+01
9.933333e+06,-5.361674e+01,-5.692918e+01,-5.991813e+01,-6.621022e+01
1.000000e+07,-5.376189e+01,-5.780100e+01,-6.027491e+01,-6.567489e+01
1.006667e+07,-5.426615e+01,-5.689862e+01,-5.936002e+01,-6.606210e+01
1.013333e+07,-5.362677e+01,-5.713059e+01,-6.082051e+01,-6.705348e+01
1.020000e+07,-5.477218e+01,-5.800144e+01,-6.032401e+01,-6.668528e+01
1.026667e+07,-5.387559e+01,-5.845284e+01,-6.039811e+01,-6.562340e+01
1.033333e+07,-5.442728e+01,-5.715407e+01,-5.995767e+01,-6.559317e+01
1.040000e+07,-5.404328e+01,-5.656964e+01,-6.106937e+01,-6.606104e+01
1.046667e+07,-5.397345e+01,-5.727078e+01,-6.027952e+01,-6.664633e+01
1.053333e+07,-5.427397e+01,-5.721119e+01,-6.093214e+01,-6.637177e+01
1.060000e+07,-5.417148e+01,-5.817855e+01,-5.987517e+01,-6.575075e+01
1.066667e+07,-5.428935e+01,-5.762117e+01,-6.168001e+01,-6.533977e+01
1.073333e+07,-5.406904e+01,-5.720092e+01,-5.959308e+01,-6.631573e+01
1.080000e+07,-5.449708e+01,-5.798525e+01,-5.977986e+01,-6.483735e+01
1.086667e+07,-5.485031e+01,-5.824177e+01,-6.106839e+01,-6.615258e+01
1.093333e+07,-5.367461e+01,-5.734191e+01,-6.136619e+01,-6.556438e+01
1.100000e+07,-5.416271e+01,-5.778576e+01,-6.098740e+01,-6.688031e+01
1.106667e+07,-5.355930e+01,-5.749326e+01,-6.029775e+01,-6.547309e+01
1.113333e+07,-5.493947e+01,-5.686523e+01,-6.048043e+01,-6.616992e+01
1.120000e+07,-5.479987e+01,-5.757012e+01,-6.100413e+01,-6.600854e+01
1.126667e+07,-5.338930e+01,-5.632835e+01,-5.965507e+01,-6.651968e+01
1.133333e+07,-5.480034e+01,-5.754553e+01,-6.009160e+01,-6.537842e+01
1.140000e+07,-5.370447e+01,-5.797151e+01,-6.065082e+01,-6.503084e+01
1.146667e+07,-5.465945e+01,-5.732282e+01,-5.926972e+01,-6.618172e+01
1.153333e+07,-5.409259e+01,-5.755577e+01,-5.952466e+01,-6.557288e+01
1.160000e+07,-5.432656e+01,-5.859515e+01,-6.052972e+01,-6.594502e+01
1.166667e+07,-5.430175e+01,-5.815653e+01,-6.092273e+01,-6.619379e+01
1.173333e+07,-5.371891e+01,-5.802374e+01,-6.057570e+01,-6.628326e+01
1.180000e+07,-5.386541e+01,-5.763207e+01,-6.031230e+01,-6.537206e+01
1.186667e+07,-5.501670e+01,-5.725337e+01,-6.089575e+01,-6.539683e+01
1.193333e+07,-5.279109e+01,-5.813045e+01,-6.016305e+01,-6.570263e+01
1.200000e+07,-5.371664e+01,-5.809885e+01,-5.886585e+01,-6.559286e+01
1.206667e+07,-5.467804e+01,-5.839163e+01,-6.039682e+01,-6.575876e+01
1.213333e+07,-5.537613e+01,-5.756722e+01,-6.088320e+01,-6.533149e+01
1.220000e+07,-5.445310e+01,-5.707737e+01,-6.049548e+01,-6.546261e+01
1.226667e+07,-5.428863e+01,-5.881288e+01,-6.006299e+01,-6.574667e+01
1.233333e+07,-5.461113e+01,-5.793747e+01,-6.080625e+01,-6.543092e+01
1.240000e+07,-5.450588e+01,-5.773280e+01,-6.106414e+01,-6.540692e+01
1.246667e+07,-5.401915e+01,-5.631552e+01,-6.013198e+01,-6.622200e+01
1.253333e+07,-5.461525e+01,-5.692701e+01,-6.114907e+01,-6.560894e+01
1.260000e+07,-5.416299e+01,-5.807012e+01,-6.071050e+01,-6.553059e+01
1.266667e+07,-5.402911e+01,-5.777591e+01,-6.035140e+01,-6.515594e+01
1.273333e+07,-5.437188e+01,-5.751469e+01,-6.033084e+01,-6.557894e+01
1.280000e+07,-5.446292e+01,-5.791529e+01,-6.037089e+01,-6.525903e+01
1.286667e+07,-5.424655e+01,-5.848803e+01,-5.974888e+01,-6.492025e+01
1.293333e+07,-5.435152e+01,-5.753111e+01,-6.107582e+01,-6.570787e+01
1.300000e+07,-5.389938e+01,-5.763329e+01,-5.972233e+01,-6.503015e+01
1.306667e+07,-5.450362e+01,-5.836761e+01,-6.016715e+01,-6.539640e+01
1.313333e+07,-5.363200e+01,-5.825664e+01,-5.969372e+01,-6.504800e+01
1.320000e+07,-5.425248e+01,-5.729556e+01,-6.020513e+01,-6.537065e+01
1.326667e+07,-5.486300e+01,-5.776861e+01,-6.028076e+01,-6.494122e+01
1.333333e+07,-5.453215e+01,-5.688907e+01,-5.942792e+01,-6.562000e+01
1.340000e+07,-5.459651e+01,-5.767661e+01,-5.945708e+01,-6.532548e+01
1.346667e+07,-5.530421e+01,-5.784111e+01,-5.960999e+01,-6.503608e+01
1.353333e+07,-5.466599e+01,-5.800991e+01,-5.951366e+01,-6.604257e+01
1.360000e+07,-5.389356e+01,-5.742658e+01,-5.999281e+01,-6.443323e+01
1.366667e+07,-5.465765e+01,-5.762913e+01,-6.049738e+01,-6.463671e+01
1.373333e+07,-5.464693e+01,-5.722166e+01,-5.977159e+01,-6.566216e+01
1.380000e+07,-5.548017e+01,-5.818443e+01,-6.017383e+01,-6.565555e+01
1.386667e+07,-5.466094e+01,-5.787642e+01,-6.055109e+01,-6.492687e+01
1.393333e+07,-5.487475e+01,-5.841996e+01,-6.034083e+01,-6.524404e+01
1.400000e+07,-5.403059e+01,-5.870778e+01,-6.028889e+01,-6.565219e+01
1.406667e+07,-5.487302e+01,-5.869674e+01,-5.958790e+01,-6.514886e+01
1.413333e+07,-5.482242e+01,-5.800240e+01,-5.997171e+01,-6.464285e+01
1.420000e+07,-5.467623e+01,-5.713288e+01,-5.972929e+01,-6.532842e+01
1.426667e+07,-5.429839e+01,-5.819548e+01,-5.888225e+01,-6.462355e+01
1.433333e+07,-5.478681e+01,-5.748597e+01,-5.970425e+01,-6.527442e+01
1.440000e+07,-5.421748e+01,-5.898710e+01,-6.000606e+01,-6.445106e+01
1.446667e+07,-5.446457e+01,-5.747563e+01,-6.025662e+01,-6.441901e+01
1.453333e+07,-5.512349e+01,-5.751984e+01,-6.061096e+01,-6.480754e+01
1.460000e+07,-5.453060e+01,-5.791253e+01,-6.025325e+01,-6.488641e+01
1.466667e+07,-5.457748e+01,-5.817845e+01,-5.958995e+01,-6.469044e+01
1.473333e+07,-5.434580e+01,-5.691910e+01,-5.977668e+01,-6.471114e+01
1.480000e+07,-5.423468e+01,-5.754191e+01,-5.970013e+01,-6.433869e+01
1.486667e+07,-5.422050e+01,-5.707290e+01,-5.927267e+01,-6.451588e+01
1.493333e+07,-5.425599e+01,-5.829761e+01,-6.020127e+01,-6.491599e+01
1.500000e+07,-5.427160e+01,-5.717352e+01,-5.893009e+01,-6.473535e+01
1.506667e+07,-5.563604e+01,-5.837652e+01,-6.067572e+01,-6.499962e+01
1.513333e+07,-5.557013e+01,-5.660828e+01,-5.943879e+01,-6.451049e+01
1.520000e+07,-5.485094e+01,-5.742380e+01,-6.037981e+01,-6.508167e+01
1.526667e+07,-5.388509e+01,-5.799724e+01,-6.073191e+01,-6.435603e+01
1.533333e+07,-5.556039e+01,-5.640101e+01,-6.048814e+01,-6.415820e+01
1.540000e+07,-5.501243e+01,-5.788893e+01,-6.019707e+01,-6.540186e+01
1.546667e+07,-5.477460e+01,-5.770287e+01,-6.027438e+01,-6.441063e+01
1.553333e+07,-5.404612e+01,-5.716495e+01,-6.030816e+01,-6.454374e+01
1.560000e+07,-5.424529e+01,-5.802368e+01,-6.018975e+01,-6.520111e+01
1.566667e+07,-5.470489e+01,-5.731808e+01,-5.985345e+01,-6.388443e+01
1.573333e+07,-5.469487e+01,-5.728048e+01,-5.892123e+01,-6.423999e+01
1.580000e+07,-5.498027e+01,-5.826597e+01,-5.982226e+01,-6.407404e+01
1.586667e+07,-5.384219e+01,-5.677690e+01,-6.152033e+01,-6.438332e+01
1.593333e+07,-5.433197e+01,-5.716264e+01,-5.989009e+01,-6.493768e+01
1.600000e+07,-5.535979e+01,-5.823388e+01,-6.140057e+01,-6.385117e+01
1.606667e+07,-5.554096e+01,-5.828570e+01,-5.980685e+01,-6.440906e+01
1.613333e+07,-5.459754e+01,-5.754257e+01,-6.060774e+01,-6.451853e+01
1.620000e+07,-5.559667e+01,-5.754933e+01,-6.116883e+01,-6.483615e+01
1.626667e+07,-5.447571e+01,-5.795686e+01,-5.939264e+01,-6.447434e+01
1.633333e+07,-5.408058e+01,-5.756101e+01,-6.103843e+01,-6.491968e+01
1.640000e+07,-5.454002e+01,-5.756722e+01,-6.103537e+01,-6.395665e+01
1.646667e+07,-5.392289e+01,-5.726338e+01,-6.000539e+01,-6.448239e+01
1.653333e+07,-5.491176e+01,-5.825273e+01,-5.981595e+01,-6.444780e+01
1.660000e+07,-5.491468e+01,-5.724521e+01,-5.958306e+01,-6.512460e+01
1.666667e+07,-5.367767e+01,-5.893591e+01,-6.035049e+01,-6.442173e+01
1.673333e+07,-5.400924e+01,-5.830645e+01,-5.963767e+01,-6.447016e+01
1.680000e+07,-5.431730e+01,-5.740342e+01,-6.004022e+01,-6.473842e+01
1.686667e+07,-5.389389e+01,-5.772545e+01,-5.977934e+01,-6.409175e+01
1.693333e+07,-5.477499e+01,-5.880058e+01,-5.994424e+01,-6.460706e+01
1.700000e+07,-5.460369e+01,-5.765322e+01,-5.996996e+01,-6.497383e+01
1.706667e+07,-5.447208e+01,-5.784963e+01,-5.977323e+01,-6.462857e+01
1.713333e+07,-5.490297e+01,-5.828933e+01,-5.967939e+01,-6.440162e+01
1.720000e+07,-5.428896e+01,-5.850431e+01,-6.019815e+01,-6.596397e+01
1.726667e+07,-5.412065e+01,-5.747887e+01,-6.000554e+01,-6.484558e+01
1.733333e+07,-5.484783e+01,-5.839880e+01,-6.079999e+01,-6.391847e+01
1.740000e+07,-5.473722e+01,-5.773126e+01,-6.012970e+01,-6.456734e+01
1.746667e+07,-5.441021e+01,-5.842487e+01,-6.003800e+01,-6.414997e+01
1.753333e+07,-5.451940e+01,-5.866450e+01,-6.073546e+01,-6.357992e+01
1.760000e+07,-5.475256e+01,-5.702160e+01,-6.094271e+01,-6.450190e+01
1.766667e+07,-5.419169e+01,-5.862799e+01,-5.987758e+01,-6.444832e+01
1.773333e+07,-5.463209e+01,-5.816398e+01,-5.982718e+01,-6.338433e+01
1.780000e+07,-5.375441e+01,-5.839306e+01,-5.991237e+01,-6.380174e+01
1.786667e+07,-5.413669e+01,-5.749549e+01,-6.031805e+01,-6.358760e+01
1.793333e+07,-5.458254e+01,-5.790324e+01,-5.992903e+01,-6.418613e+01
1.800000e+07,-5.557659e+01,-5.728062e+01,-5.987383e+01,-6.363829e+01
1.806667e+07,-5.535488e+01,-5.807535e+01,-6.050730e+01,-6.438837e+01
1.813333e+07,-5.473148e+01,-5.741046e+01,-5.975579e+01,-6.378209e+01
1.820000e+07,-5.444361e+01,-5.761669e+01,-5.977514e+01,-6.384827e+01
1.826667e+07,-5.434281e+01,-5.741349e+01,-5.966405e+01,-6.398364e+01
1.833333e+07,-5.439631e+01,-5.765108e+01,-5.956878e+01,-6.406413e+01
1.840000e+07,-5.493689e+01,-5.878486e+01,-5.990367e+01,-6.496677e+01
1.846667e+07,-5.459919e+01,-5.750497e+01,-6.006573e+01,-6.437472e+01
1.853333e+07,-5.400188e+01,-5.706318e+01,-6.119094e+01,-6.363611e+01
1.860000e+07,-5.450569e+01,-5.790030e+01,-6.051046e+01,-6.455872e+01
1.866667e+07,-5.496370e+01,-5.743151e+01,-6.015336e+01,-6.368946e+01
1.873333e+07,-5.480481e+01,-5.855126e+01,-6.055357e+01,-6.397162e+01
1.880000e+07,-5.421977e+01,-5.798035e+01,-5.998971e+01,-6.387901e+01
1.886667e+07,-5.433646e+01,-5.795572e+01,-5.956287e+01,-6.319470e+01
1.893333e+07,-5.549614e+01,-5.811694e+01,-5.994607e+01,-6.322748e+01
1.900000e+07,-5.534685e+01,-5.853199e+01,-6.042233e+01,-6.328995e+01
1.906667e+07,-5.571559e+01,-5.742182e+01,-5.967189e+01,-6.387091e+01
1.913333e+07,-5.432764e+01,-5.752039e+01,-6.052257e+01,-6.314074e+01
1.920000e+07,-5.507030e+01,-5.822416e+01,-6.002109e+01,-6.391867e+01
1.926667e+07,-5.526637e+01,-5.744123e+01,-5.903955e+01,-6.438247e+01
1.933333e+07,-5.482931e+01,-5.754062e+01,-6.082614e+01,-6.406331e+01
1.940000e+07,-5.546711e+01,-5.763591e+01,-6.004202e+01,-6.317058e+01
1.946667e+07,-5.487232e+01,-5.798192e+01,-5.993923e+01,-6.283974e+01
1.953333e+07,-5.537058e+01,-5.784923e+01,-5.998940e+01,-6.363975e+01
1.960000e+07,-5.399812e+01,-5.719909e+01,-6.011089e+01,-6.457828e+01
1.966667e+07,-5.372613e+01,-5.776760e+01,-6.020395e+01,-6.237683e+01
1.973333e+07,-5.419869e+01,-5.758362e+01,-5.910188e+01,-6.309775e+01
1.980000e+07,-5.449359e+01,-5.718431e+01,-6.092204e+01,-6.432764e+01
1.986667e+07,-5.472594e+01,-5.839703e+01,-5.901888e+01,-6.422635e+01
1.993333e+07,-5.519735e+01,-5.721319e+01,-6.106699e+01,-6.481577e+01
2.000000e+07,-5.587882e+01,-5.857490e+01,-5.989484e+01,-6.376431e+01
2.006667e+07,-5.515323e+01,-5.819976e+01,-5.956565e+01,-6.342599e+01
2.013333e+07,-5.489265e+01,-5.824010e+01,-6.001638e+01,-6.400372e+01
2.020000e+07,-5.487099e+01,-5.812503e+01,-5.888317e+01,-6.348498e+01
2.026667e+07,-5.498686e+01,-5.693836e+01,-5.996794e+01,-6.338978e+01
2.033333e+07,-5.422015e+01,-5.756049e+01,-6.031427e+01,-6.326920e+01
2.040000e+07,-5.453554e+01,-5.713542e+01,-5.932986e+01,-6.372430e+01
2.046667e+07,-5.429072e+01,-5.792907e+01,-5.993125e+01,-6.339150e+01
2.053333e+07,-5.488065e+01,-5.745276e+01,-6.050301e+01,-6.316929e+01
2.060000e+07,-5.497889e+01,-5.693421e+01,-6.060581e+01,-6.311503e+01
2.066667e+07,-5.513752e+01,-5.763128e+01,-6.015222e+01,-6.374493e+01
2.073333e+07,-5.524926e+01,-5.800831e+01,-6.074258e+01,-6.327488e+01
2.080000e+07,-5.485307e+01,-5.680563e+01,-6.050350e+01,-6.398821e+01
2.086667e+07,-5.403211e+01,-5.869397e+01,-5.953283e+01,-6.327043e+01
2.093333e+07,-5.572204e+01,-5.707793e+01,-6.030544e+01,-6.344753e+01
2.100000e+07,-5.478712e+01,-5.796521e+01,-6.026931e+01,-6.265950e+01
2.106667e+07,-5.522622e+01,-5.811565e+01,-6.024125e+01,-6.410362e+01
2.113333e+07,-5.569546e+01,-5.827361e+01,-5.955331e+01,-6.334391e+01
2.120000e+07,-5.492399e+01,-5.876973e+01,-5.980785e+01,-6.362460e+01
2.126667e+07,-5.500901e+01,-5.763573e+01,-6.124400e+01,-6.297691e+01
2.133333e+07,-5.499304e+01,-5.873072e+01,-6.037975e+01,-6.341988e+01
2.140000e+07,-5.628150e+01,-5.803652e+01,-6.021049e+01,-6.288584e+01
2.146667e+07,-5.531274e+01,-5.756799e+01,-5.973067e+01,-6.289406e+01
2.153333e+07,-5.479139e+01,-5.756828e+01,-5.985975e+01,-6.300073e+01
2.160000e+07,-5.549988e+01,-5.740315e+01,-5.997211e+01,-6.313524e+01
2.166667e+07,-5.453163e+01,-5.841328e+01,-5.982263e+01,-6.328293e+01
2.173333e+07,-5.493976e+01,-5.795806e+01,-5.965501e+01,-6.286790e+01
2.180000e+07,-5.494906e+01,-5.755906e+01,-5.960623e+01,-6.437158e+01
2.186667e+07,-5.541786e+01,-5.742766e+01,-5.968677e+01,-6.383807e+01
2.193333e+07,-5.449880e+01,-5.767777e+01,-6.033547e+01,-6.400342e+01
2.200000e+07,-5.535609e+01,-5.881706e+01,-6.025568e+01,-6.375084e+01
2.206667e+07,-5.541180e+01,-5.716207e+01,-5.972417e+01,-6.364116e+01
2.213333e+07,-5.511894e+01,-5.767850e+01,-5.922590e+01,-6.282731e+01
2.220000e+07,-5.552266e+01,-5.832889e+01,-5.967413e+01,-6.458954e+01
2.226667e+07,-5.440869e+01,-5.719748e+01,-5.944286e+01,-6.313197e+01
2.233333e+07,-5.439555e+01,-5.706158e+01,-5.959837e+01,-6.306768e+01
2.240000e+07,-5.471982e+01,-5.842406e+01,-6.015288e+01,-6.366131e+01
2.246667e+07,-5.474458e+01,-5.757025e+01,-5.992444e+01,-6.358619e+01
2.253333e+07,-5.564515e+01,-5.726621e+01,-5.982471e+01,-6.261570e+01
2.260000e+07,-5.513438e+01,-5.882852e+01,-5.939157e+01,-6.421670e+01
2.266667e+07,-5.504308e+01,-5.793447e+01,-6.054400e+01,-6.280669e+01
2.273333e+07,-5.467882e+01,-5.867142e+01,-5.959190e+01,-6.381609e+01
2.280000e+07,-5.522991e+01,-5.775924e+01,-5.984324e+01,-6.294429e+01
2.286667e+07,-5.505524e+01,-5.787947e+01,-5.985180e+01,-6.318817e+01
2.293333e+07,-5.644255e+01,-5.789725e+01,-5.969145e+01,-6.375669e+01
2.300000e+07,-5.516843e+01,-5.764632e+01,-6.007514e+01,-6.375505e+01
2.306667e+07,-5.449584e+01,-5.896303e+01,-6.055633e+01,-6.343226e+01
2.313333e+07,-5.473159e+01,-5.683849e+01,-5.989909e+01,-6.323413e+01
2.320000e+07,-5.507054e+01,-5.797853e+01,-5.989686e+01,-6.312396e+01
2.326667e+07,-5.492514e+01,-5.753458e+01,-5.910696e+01,-6.323578e+01
2.333333e+07,-5.500870e+01,-5.830461e+01,-6.165521e+01,-6.304373e+01
2.340000e+07,-5.535200e+01,-5.829689e+01,-6.040300e+01,-6.238639e+01
2.346667e+07,-5.551023e+01,-5.723490e+01,-5.936574e+01,-6.312393e+01
2.353333e+07,-5.639597e+01,-5.770920e+01,-5.979649e+01,-6.253288e+01
2.360000e+07,-5.556417e+01,-5.889446e+01,-6.029006e+01,-6.293036e+01
2.366667e+07,-5.461801e+01,-5.825500e+01,-6.056434e+01,-6.348309e+01
2.373333e+07,-5.510539e+01,-5.787108e+01,-6.002860e+01,-6.312201e+01
2.380000e+07,-5.513803e+01,-5.805420e+01,-6.015297e+01,-6.245251e+01
2.386667e+07,-5.460658e+01,-5.788132e+01,-6.029464e+01,-6.235028e+01
2.393333e+07,-5.545942e+01,-5.818846e+01,-5.921565e+01,-6.260909e+01
2.400000e+07,-5.572727e+01,-5.786522e+01,-6.037854e+01,-6.354449e+01
2.406667e+07,-5.559146e+01,-5.838767e+01,-5.961634e+01,-6.303000e+01
2.413333e+07,-5.619580e+01,-5.877315e+01,-5.912890e+01,-6.167160e+01
2.420000e+07,-5.457419e+01,-5.784980e+01,-5.976022e+01,-6.305948e+01
2.426667e+07,-5.448748e+01,-5.834737e+01,-5.949916e+01,-6.258646e+01
2.433333e+07,-5.513086e+01,-5.722518e+01,-5.860100e+01,-6.231766e+01
2.440000e+07,-5.561539e+01,-5.706335e+01,-6.063665e+01,-6.233366e+01
2.446667e+07,-5.506571e+01,-5.744141e+01,-5.949382e+01,-6.221458e+01
2.453333e+07,-5.469478e+01,-5.825196e+01,-6.161339e+01,-6.372300e+01
2.460000e+07,-5.565560e+01,-5.822215e+01,-6.060950e+01,-6.248207e+01
2.466667e+07,-5.504328e+01,-5.846476e+01,-5.922571e+01,-6.208816e+01
2.473333e+07,-5.499441e+01,-5.929268e+01,-5.902698e+01,-6.356711e+01
2.480000e+07,-5.572624e+01,-5.851046e+01,-6.060025e+01,-6.302954e+01
2.486667e+07,-5.547946e+01,-5.796147e+01,-5.968082e+01,-6.297790e+01
2.493333e+07,-5.541678e+01,-5.811016e+01,-6.009830e+01,-6.316953e+01
2.500000e+07,-5.516239e+01,-5.862091e+01,-6.008428e+01,-6.271585e+01
2.506667e+07,-5.523987e+01,-5.834183e+01,-6.018388e+01,-6.321960e+01
2.513333e+07,-5.567805e+01,-5.860750e+01,-6.006872e+01,-6.217327e+01
2.520000e+07,-5.574962e+01,-5.803806e+01,-5.932255e+01,-6.236736e+01
2.526667e+07,-5.535735e+01,-5.721246e+01,-5.910723e+01,-6.235527e+01
2.533333e+07,-5.504260e+01,-5.759152e+01,-6.051421e+01,-6.244104e+01
2.540000e+07,-5.530836e+01,-5.773372e+01,-6.055021e+01,-6.253773e+01
2.546667e+07,-5.550320e+01,-5.909535e+01,-5.982700e+01,-6.238054e+01
2.553333e+07,-5.561936e+01,-5.824190e+01,-5.973783e+01,-6.294962e+01
2.560000e+07,-5.411212e+01,-5.759003e+01,-5.951075e+01,-6.267037e+01
2.566667e+07,-5.579891e+01,-5.882400e+01,-6.003016e+01,-6.249635e+01
2.573333e+07,-5.504938e+01,-5.714740e+01,-5.930227e+01,-6.260153e+01
2.580000e+07,-5.491913e+01,-5.879977e+01,-6.050981e+01,-6.260930e+01
2.586667e+07,-5.513954e+01,-5.858457e+01,-5.943563e+01,-6.152392e+01
2.593333e+07,-5.546780e+01,-5.804897e+01,-5.954692e+01,-6.275023e+01
2.600000e+07,-5.556160e+01,-5.816511e+01,-6.033713e+01,-6.208393e+01
2.606667e+07,-5.490580e+01,-5.748953e+01,-6.001313e+01,-6.327927e+01
2.613333e+07,-5.474954e+01,-5.798793e+01,-5.975966e+01,-6.198505e+01
2.620000e+07,-5.556850e+01,-5.796596e+01,-6.011042e+01,-6.169414e+01
2.626667e+07,-5.535424e+01,-5.782946e+01,-5.932136e+01,-6.192106e+01
2.633333e+07,-5.500179e+01,-5.798757e+01,-6.001280e+01,-6.215990e+01
2.640000e+07,-5.532530e+01,-5.767247e+01,-5.953063e+01,-6.193688e+01
2.646667e+07,-5.487861e+01,-5.830623e+01,-5.986890e+01,-6.311037e+01
2.653333e+07,-5.583012e+01,-5.744044e+01,-5.984867e+01,-6.295604e+01
2.660000e+07,-5.552514e+01,-5.784038e+01,-5.965507e+01,-6.328541e+01
2.666667e+07,-5.577262e+01,-5.758207e+01,-5.955653e+01,-6.311636e+01
2.673333e+07,-5.504353e+01,-5.772366e+01,-5.959189e+01,-6.254215e+01
2.680000e+07,-5.465132e+01,-5.737436e+01,-6.015617e+01,-6.250873e+01
2.686667e+07,-5.591070e+01,-5.802885e+01,-5.984708e+01,-6.242962e+01
2.693333e+07,-5.490466e+01,-5.807874e+01,-5.954742e+01,-6.200831e+01
2.700000e+07,-5.560141e+01,-5.784482e+01,-6.056164e+01,-6.194427e+01
2.706667e+07,-5.563102e+01,-5.799415e+01,-5.979145e+01,-6.306166e+01
2.713333e+07,-5.482448e+01,-5.809524e+01,-6.101265e+01,-6.222325e+01
2.720000e+07,-5.504906e+01,-5.758866e+01,-6.007669e+01,-6.241048e+01
2.726667e+07,-5.600938e+01,-5.859960e+01,-6.024573e+01,-6.273879e+01
2.733333e+07,-5.556008e+01,-5.805374e+01,-6.051648e+01,-6.079545e+01
2.740000e+07,-5.605277e+01,-5.836097e+01,-5.951202e+01,-6.290136e+01
2.746667e+07,-5.556434e+01,-5.816201e+01,-6.014769e+01,-6.256869e+01
2.753333e+07,-5.499666e+01,-5.713187e+01,-5.989658e+01,-6.283383e+01
2.760000e+07,-5.512926e+01,-5.804454e+01,-6.020857e+01,-6.288426e+01
2.766667e+07,-5.519715e+01,-5.810831e+01,-5.933981e+01,-6.149310e+01
2.773333e+07,-5.577327e+01,-5.880786e+01,-6.009730e+01,-6.274167e+01
2.780000e+07,-5.451418e+01,-5.844871e+01,-5.933833e+01,-6.182478e+01
2.786667e+07,-5.594710e+01,-5.749470e+01,-6.024272e+01,-6.166188e+01
2.793333e+07,-5.578194e+01,-5.743672e+01,-5.991496e+01,-6.230770e+01
2.800000e+07,-5.568083e+01,-5.806028e+01,-5.971081e+01,-6.296763e+01
2.806667e+07,-5.568756e+01,-5.753716e+01,-5.955600e+01,-6.239891e+01
2.813333e+07,-5.615258e+01,-5.833102e+01,-6.015896e+01,-6.130644e+01
2.820000e+07,-5.580929e+01,-5.913949e+01,-5.954596e+01,-6.175727e+01
2.826667e+07,-5.471170e+01,-5.814797e+01,-6.013113e+01,-6.157286e+01
2.833333e+07,-5.515195e+01,-5.790553e+01,-6.011423e+01,-6.146567e+01
2.840000e+07,-5.535846e+01,-5.853783e+01,-6.018207e+01,-6.117520e+01
2.846667e+07,-5.638189e+01,-5.783127e+01,-6.023591e+01,-6.219005e+01
2.853333e+07,-5.579630e+01,-5.809771e+01,-5.985410e+01,-6.337799e+01
2.860000e+07,-5.508160e+01,-5.852775e+01,-6.010783e+01,-6.252675e+01
2.866667e+07,-5.515532e+01,-5.857541e+01,-5.998894e+01,-6.173248e+01
2.873333e+07,-5.540946e+01,-5.799617e+01,-6.037371e+01,-6.187132e+01
2.880000e+07,-5.566262e+01,-5.804877e+01,-5.969592e+01,-6.315439e+01
2.886667e+07,-5.573011e+01,-5.811174e+01,-5.984776e+01,-6.211313e+01
2.893333e+07,-5.536582e+01,-5.844719e+01,-5.970767e+01,-6.202238e+01
2.900000e+07,-5.523917e+01,-5.909024e+01,-5.959262e+01,-6.259454e+01
2.906667e+07,-5.484038e+01,-5.849809e+01,-5.980648e+01,-6.225354e+01
2.913333e+07,-5.588175e+01,-5.747169e+01,-6.019377e+01,-6.226323e+01
2.920000e+07,-5.540167e+01,-5.870013e+01,-5.970629e+01,-6.283109e+01
2.926667e+07,-5.554610e+01,-5.892903e+01,-5.995743e+01,-6.210339e+01
2.933333e+07,-5.562872e+01,-5.888476e+01,-6.002690e+01,-6.173422e+01
2.940000e+07,-5.671397e+01,-5.784262e+01,-5.937293e+01,-6.251407e+01
2.946667e+07,-5.528381e+01,-5.800047e+01,-5.941277e+01,-6.238420e+01
2.953333e+07,-5.572178e+01,-5.822636e+01,-5.889516e+01,-6.218883e+01
2.960000e+07,-5.495938e+01,-5.848110e+01,-6.025177e+01,-6.268468e+01
2.966667e+07,-5.593461e+01,-5.810719e+01,-6.032038e+01,-6.206058e+01
2.973333e+07,-5.501687e+01,-5.856138e+01,-6.016545e+01,-6.212433e+01
2.980000e+07,-5.622586e+01,-5.882196e+01,-5.969274e+01,-6.319910e+01
2.986667e+07,-5.520732e+01,-5.860138e+01,-5.990479e+01,-6.186696e+01
2.993333e+07,-5.618873e+01,-5.773324e+01,-6.014846e+01,-6.315711e+01
3.000000e+07,-5.546228e+01,-5.824284e+01,-5.925213e+01,-6.174335e+01
3.006667e+07,-5.657594e+01,-5.860579e+01,-5.922251e+01,-6.252062e+01
3.013333e+07,-5.551499e+01,-5.797570e+01,-5.971713e+01,-6.201821e+01
3.020000e+07,-5.620311e+01,-5.818993e+01,-5.957655e+01,-6.256439e+01
3.026667e+07,-5.520890e+01,-5.835023e+01,-5.903312e+01,-6.132459e+01
3.033333e+07,-5.465640e+01,-5.830335e+01,-6.051173e+01,-6.213121e+01
3.040000e+07,-5.589359e+01,-5.868708e+01,-5.997686e+01,-6.208736e+01
3.046667e+07,-5.626960e+01,-5.829020e+01,-5.939683e+01,-6.225304e+01
3.053333e+07,-5.493747e+01,-5.787019e+01,-6.036895e+01,-6.150011e+01
3.060000e+07,-5.659646e+01,-5.933309e+01,-6.019979e+01,-6.210853e+01
3.066667e+07,-5.611936e+01,-5.761355e+01,-5.866613e+01,-6.169241e+01
3.073333e+07,-5.614197e+01,-5.782678e+01,-5.958867e+01,-6.295273e+01
3.080000e+07,-5.573681e+01,-5.817977e+01,-5.970668e+01,-6.179063e+01
3.086667e+07,-5.600737e+01,-5.845944e+01,-6.031948e+01,-6.168665e+01
3.093333e+07,-5.591935e+01,-5.881886e+01,-6.013391e+01,-6.145046e+01
3.100000e+07,-5.572950e+01,-5.839939e+01,-6.041842e+01,-6.173526e+01
3.106667e+07,-5.654427e+01,-5.810194e+01,-5.945633e+01,-6.228669e+01
3.113333e+07,-5.549237e+01,-5.803425e+01,-5.968879e+01,-6.164799e+01
3.120000e+07,-5.579176e+01,-5.780001e+01,-5.975651e+01,-6.226288e+01
3.126667e+07,-5.543309e+01,-5.906465e+01,-5.934164e+01,-6.118879e+01
3.133333e+07,-5.494307e+01,-5.838124e+01,-5.961119e+01,-6.248119e+01
3.140000e+07,-5.532104e+01,-5.849248e+01,-5.948295e+01,-6.139062e+01
3.146667e+07,-5.591170e+01,-5.893753e+01,-5.940803e+01,-6.207236e+01
3.153333e+07,-5.544624e+01,-5.895960e+01,-6.001597e+01,-6.155825e+01
3.160000e+07,-5.527401e+01,-5.799547e+01,-5.954670e+01,-6.249385e+01
3.166667e+07,-5.708505e+01,-5.815968e+01,-5.989388e+01,-6.028386e+01
3.173333e+07,-5.516990e+01,-5.900234e+01,-5.897743e+01,-6.151502e+01
3.180000e+07,-5.601415e+01,-5.874756e+01,-6.016027e+01,-6.190986e+01
3.186667e+07,-5.680815e+01,-5.824678e+01,-5.982766e+01,-6.161691e+01
3.193333e+07,-5.575952e+01,-5.775739e+01,-6.011704e+01,-6.145419e+01
3.200000e+07,-5.590236e+01,-5.787852e+01,-5.998976e+01,-6.208252e+01
3.206667e+07,-5.635742e+01,-5.822817e+01,-5.954550e+01,-6.154580e+01
3.213333e+07,-5.641910e+01,-5.940805e+01,-5.922971e+01,-6.209399e+01
3.220000e+07,-5.583016e+01,-5.844972e+01,-5.971136e+01,-6.175155e+01
3.226667e+07,-5.610510e+01,-5.808992e+01,-5.976648e+01,-6.140803e+01
3.233333e+07,-5.578490e+01,-5.825651e+01,-5.974886e+01,-6.209834e+01
3.240000e+07,-5.577821e+01,-5.826659e+01,-5.966025e+01,-6.169279e+01
3.246667e+07,-5.504032e+01,-5.769053e+01,-5.970620e+01,-6.254673e+01
3.253333e+07,-5.545847e+01,-5.801634e+01,-5.970776e+01,-6.189565e+01
3.260000e+07,-5.632158e+01,-5.882918e+01,-5.961987e+01,-6.251907e+01
3.266667e+07,-5.621552e+01,-5.859439e+01,-5.845736e+01,-6.173984e+01
3.273333e+07,-5.609881e+01,-5.755879e+01,-5.886263e+01,-6.125059e+01
3.280000e+07,-5.564367e+01,-5.796157e+01,-5.973441e+01,-6.080369e+01
3.286667e+07,-5.670420e+01,-5.949742e+01,-5.987382e+01,-6.091952e+01
3.293333e+07,-5.576030e+01,-5.819678e+01,-6.045504e+01,-6.182697e+01
3.300000e+07,-5.459220e+01,-5.788442e+01,-5.992969e+01,-6.120761e+01
3.306667e+07,-5.634436e+01,-5.801760e+01,-6.064411e+01,-6.242972e+01
3.313333e+07,-5.546580e+01,-5.721448e+01,-5.932453e+01,-6.130080e+01
3.320000e+07,-5.581117e+01,-5.813059e+01,-5.899740e+01,-6.139030e+01
3.326667e+07,-5.574023e+01,-5.827261e+01,-6.010189e+01,-6.084177e+01
3.333333e+07,-5.542519e+01,-5.865661e+01,-5.947783e+01,-6.121448e+01
3.340000e+07,-5.506092e+01,-5.763860e+01,-5.964876e+01,-6.177607e+01
3.346667e+07,-5.530800e+01,-5.900918e+01,-5.912346e+01,-6.185091e+01
3.353333e+07,-5.655515e+01,-5.850259e+01,-5.964176e+01,-6.082333e+01
3.360000e+07,-5.579635e+01,-5.831194e+01,-5.960214e+01,-6.120498e+01
3.366667e+07,-5.686907e+01,-5.915867e+01,-5.994638e+01,-6.197222e+01
3.373333e+07,-5.559782e+01,-5.848174e+01,-5.972430e+01,-6.088373e+01
3.380000e+07,-5.559521e+01,-5.824223e+01,-6.027472e+01,-6.103052e+01
3.386667e+07,-5.583129e+01,-5.854883e+01,-5.965579e+01,-6.242616e+01
3.393333e+07,-5.632325e+01,-5.847880e+01,-6.024135e+01,-6.149537e+01
3.400000e+07,-5.604552e+01,-5.804277e+01,-5.917578e+01,-6.144400e+01
3.406667e+07,-5.542962e+01,-5.829757e+01,-5.992915e+01,-6.196895e+01
3.413333e+07,-5.479067e+01,-5.884173e+01,-5.930980e+01,-6.183652e+01
3.420000e+07,-5.560760e+01,-5.896587e+01,-5.957710e+01,-6.122582e+01
3.426667e+07,-5.683430e+01,-5.831847e+01,-5.939111e+01,-6.197035e+01
3.433333e+07,-5.568889e+01,-5.779205e+01,-5.981209e+01,-6.159987e+01
3.440000e+07,-5.645892e+01,-5.841502e+01,-5.972605e+01,-6.165265e+01
3.446667e+07,-5.567805e+01,-5.773967e+01,-5.892018e+01,-6.261679e+01
3.453333e+07,-5.568369e+01,-5.847545e+01,-5.913427e+01,-6.194732e+01
3.460000e+07,-5.568010e+01,-5.872681e+01,-6.026608e+01,-6.185278e+01
3.466667e+07,-5.576579e+01,-5.819779e+01,-6.004645e+01,-6.174504e+01
3.473333e+07,-5.631580e+01,-5.806632e+01,-5.975722e+01,-6.138774e+01
3.480000e+07,-5.769069e+01,-5.847501e+01,-5.951973e+01,-6.198729e+01
3.486667e+07,-5.591848e+01,-5.815483e+01,-6.052052e+01,-6.157005e+01
3.493333e+07,-5.525193e+01,-5.823309e+01,-6.007837e+01,-6.170398e+01
3.500000e+07,-5.575676e+01,-5.857455e+01,-6.037754e+01,-6.198080e+01
3.506667e+07,-5.701475e+01,-5.873068e+01,-6.005730e+01,-6.228901e+01
3.513333e+07,-5.547042e+01,-5.875082e+01,-6.039694e+01,-6.245984e+01
3.520000e+07,-5.601940e+01,-5.852015e+01,-6.032027e+01,-6.168925e+01
3.526667e+07,-5.676026e+01,-5.790633e+01,-5.939931e+01,-6.147503e+01
3.533333e+07,-5.692242e+01,-5.827963e+01,-6.058954e+01,-6.147100e+01
3.540000e+07,-5.674792e+01,-5.946558e+01,-5.989416e+01,-6.235077e+01
3.546667e+07,-5.613337e+01,-5.913351e+01,-5.938534e+01,-6.183389e+01
3.553333e+07,-5.666128e+01,-5.816800e+01,-6.012116e+01,-6.195248e+01
3.560000e+07,-5.646748e+01,-5.874306e+01,-6.065888e+01,-6.142018e+01
3.566667e+07,-5.658764e+01,-5.883224e+01,-6.069338e+01,-6.207976e+01
3.573333e+07,-5.681684e+01,-5.911444e+01,-6.065397e+01,-6.317758e+01
3.580000e+07,-5.596695e+01,-5.850713e+01,-5.949854e+01,-6.147896e+01
3.586667e+07,-5.601687e+01,-5.876975e+01,-6.040713e+01,-6.225986e+01
3.593333e+07,-5.659115e+01,-5.866301e+01,-5.992405e+01,-6.237786e+01
3.600000e+07,-5.768855e+01,-5.845269e+01,-6.057468e+01,-6.284216e+01
3.606667e+07,-5.697334e+01,-5.881927e+01,-6.004183e+01,-6.273455e+01
3.613333e+07,-5.762445e+01,-5.818023e+01,-6.087516e+01,-6.165649e+01
3.620000e+07,-5.703183e+01,-5.854329e+01,-6.078545e+01,-6.228536e+01
3.626667e+07,-5.610234e+01,-6.002176e+01,-6.078440e+01,-6.239743e+01
3.633333e+07,-5.648002e+01,-6.035578e+01,-6.051012e+01,-6.168709e+01
3.640000e+07,-5.653444e+01,-5.868410e+01,-5.970386e+01,-6.295532e+01
3.646667e+07,-5.626334e+01,-5.854024e+01,-6.055202e+01,-6.259872e+01
3.653333e+07,-5.677772e+01,-5.917139e+01,-6.043535e+01,-6.130411e+01
3.660000e+07,-5.550052e+01,-5.819114e+01,-5.949576e+01,-6.217035e+01
3.666667e+07,-5.672073e+01,-5.920084e+01,-5.988091e+01,-6.227802e+01
3.673333e+07,-5.608515e+01,-5.977450e+01,-6.018688e+01,-6.278277e+01
3.680000e+07,-5.622025e+01,-5.851948e+01,-6.079219e+01,-6.216959e+01
3.686667e+07,-5.651259e+01,-5.979817e+01,-6.033021e+01,-6.112008e+01
3.693333e+07,-5.659457e+01,-5.827604e+01,-6.041767e+01,-6.096272e+01
3.700000e+07,-5.721141e+01,-5.940344e+01,-6.012065e+01,-6.087817e+01
3.706667e+07,-5.640858e+01,-5.834180e+01,-6.029888e+01,-6.144131e+01
3.713333e+07,-5.640819e+01,-5.932634e+01,-6.019603e+01,-6.230264e+01
3.720000e+07,-5.649904e+01,-5.900082e+01,-6.032056e+01,-6.183137e+01
3.726667e+07,-5.611174e+01,-5.897633e+01,-6.066324e+01,-6.187674e+01
3.733333e+07,-5.765486e+01,-5.870317e+01,-6.017513e+01,-6.240983e+01
3.740000e+07,-5.751388e+01,-5.923507e+01,-5.973747e+01,-6.175764e+01
3.746667e+07,-5.652724e+01,-5.889708e+01,-5.986246e+01,-6.221363e+01
3.753333e+07,-5.579119e+01,-5.848317e+01,-6.027570e+01,-6.126740e+01
3.760000e+07,-5.700598e+01,-5.865158e+01,-6.028279e+01,-6.173110e+01
3.766667e+07,-5.625100e+01,-5.901513e+01,-6.004072e+01,-6.191835e+01
3.773333e+07,-5.634853e+01,-5.832402e+01,-6.004844e+01,-6.118312e+01
3.780000e+07,-5.615273e+01,-5.969502e+01,-6.068161e+01,-6.174300e+01
3.786667e+07,-5.720039e+01,-5.901981e+01,-5.934430e+01,-6.106445e+01
3.793333e+07,-5.680081e+01,-5.841306e+01,-5.981574e+01,-6.161188e+01
3.800000e+07,-5.612125e+01,-5.830266e+01,-6.030215e+01,-6.222328e+01
3.806667e+07,-5.584452e+01,-5.862413e+01,-6.085068e+01,-6.194811e+01
3.813333e+07,-5.659337e+01,-5.904284e+01,-6.000031e+01,-6.115000e+01
3.820000e+07,-5.633802e+01,-5.885994e+01,-5.987833e+01,-6.152326e+01
3.826667e+07,-5.560451e+01,-5.841693e+01,-5.992703e+01,-6.282581e+01
3.833333e+07,-5.722964e+01,-5.947990e+01,-6.053627e+01,-6.196876e+01
3.840000e+07,-5.681055e+01,-5.853233e+01,-6.023288e+01,-6.138791e+01
3.846667e+07,-5.662161e+01,-5.991760e+01,-6.026621e+01,-6.166463e+01
3.853333e+07,-5.636072e+01,-5.837758e+01,-6.041923e+01,-6.187325e+01
3.860000e+07,-5.756645e+01,-5.842336e+01,-5.973831e+01,-6.161731e+01
3.866667e+07,-5.697776e+01,-5.871739e+01,-6.014336e+01,-6.262757e+01
3.873333e+07,-5.626510e+01,-5.935350e+01,-5.945083e+01,-6.157242e+01
3.880000e+07,-5.598541e+01,-5.843002e+01,-6.058976e+01,-6.175603e+01
3.886667e+07,-5.655086e+01,-5.791305e+01,-5.969870e+01,-6.070679e+01
3.893333e+07,-5.632111e+01,-5.912677e+01,-6.050498e+01,-6.137644e+01
3.900000e+07,-5.681619e+01,-5.906179e+01,-5.982867e+01,-6.127566e+01
3.906667e+07,-5.648651e+01,-5.883125e+01,-5.944071e+01,-6.214709e+01
3.913333e+07,-5.627932e+01,-5.918173e+01,-6.085949e+01,-6.122544e+01
3.920000e+07,-5.620095e+01,-5.871937e+01,-6.045463e+01,-6.193103e+01
3.926667e+07,-5.565620e+01,-5.887811e+01,-5.910082e+01,-6.076326e+01
3.933333e+07,-5.625729e+01,-5.795144e+01,-6.091868e+01,-6.227183e+01
3.940000e+07,-5.669628e+01,-5.890266e+01,-6.047610e+01,-6.185077e+01
3.946667e+07,-5.703897e+01,-5.819460e+01,-6.035422e+01,-6.247360e+01
3.953333e+07,-5.616359e+01,-5.877974e+01,-6.017219e+01,-6.155922e+01
3.960000e+07,-5.653893e+01,-5.918337e+01,-6.029216e+01,-6.193492e+01
3.966667e+07,-5.703990e+01,-5.843103e+01,-5.971743e+01,-6.219390e+01
3.973333e+07,-5.704850e+01,-5.908119e+01,-6.035367e+01,-6.127199e+01
3.980000e+07,-5.643126e+01,-5.810703e+01,-5.980070e+01,-6.149630e+01
3.986667e+07,-5.705771e+01,-5.913550e+01,-6.070646e+01,-6.157628e+01
3.993333e+07,-5.740054e+01,-5.876903e+01,-6.087675e+01,-6.095741e+01
4.000000e+07,-5.657493e+01,-5.894679e+01,-5.940475e+01,-6.095834e+01
4.006667e+07,-5.649197e+01,-5.854115e+01,-6.014026e+01,-6.174135e+01
4.013333e+07,-5.672053e+01,-5.822651e+01,-5.978107e+01,-6.135871e+01
4.020000e+07,-5.689446e+01,-5.838816e+01,-5.997955e+01,-6.082397e+01
4.026667e+07,-5.707886e+01,-5.927040e+01,-5.996407e+01,-6.187777e+01
4.033333e+07,-5.653588e+01,-5.879362e+01,-6.048293e+01,-6.177460e+01
4.040000e+07,-5.751669e+01,-5.820115e+01,-6.012831e+01,-6.170726e+01
4.046667e+07,-5.619902e+01,-5.951718e+01,-5.993351e+01,-6.172358e+01
4.053333e+07,-5.667941e+01,-5.857257e+01,-5.955442e+01,-6.087660e+01
4.060000e+07,-5.650850e+01,-5.868024e+01,-6.060808e+01,-6.197077e+01
4.066667e+07,-5.732896e+01,-5.938437e+01,-5.945448e+01,-6.178329e+01
4.073333e+07,-5.753268e+01,-5.916508e+01,-6.109249e+01,-6.153799e+01
4.080000e+07,-5.684644e+01,-5.902421e+01,-5.983454e+01,-6.147857e+01
4.086667e+07,-5.756233e+01,-5.879500e+01,-5.920587e+01,-6.048356e+01
4.093333e+07,-5.620072e+01,-5.873121e+01,-5.989353e+01,-6.156002e+01
4.100000e+07,-5.788101e+01,-5.846568e+01,-6.043453e+01,-6.169643e+01
4.106667e+07,-5.699699e+01,-5.808695e+01,-6.004084e+01,-6.092082e+01
4.113333e+07,-5.678038e+01,-5.858937e+01,-6.079962e+01,-6.104175e+01
4.120000e+07,-5.675141e+01,-5.900844e+01,-6.165283e+01,-6.232084e+01
4.126667e+07,-5.581624e+01,-5.898265e+01,-5.977804e+01,-6.138656e+01
4.133333e+07,-5.626389e+01,-5.970285e+01,-5.929093e+01,-6.180926e+01
4.140000e+07,-5.634812e+01,-5.958544e+01,-6.146036e+01,-6.158293e+01
4.146667e+07,-5.764327e+01,-5.912810e+01,-5.993169e+01,-6.120042e+01
4.153333e+07,-5.782558e+01,-5.878894e+01,-6.040589e+01,-6.186352e+01
4.160000e+07,-5.688814e+01,-5.920638e+01,-5.998743e+01,-6.038051e+01
4.166667e+07,-5.704232e+01,-5.953653e+01,-6.033829e+01,-6.129632e+01
4.173333e+07,-5.656946e+01,-5.954600e+01,-6.031530e+01,-6.047162e+01
4.180000e+07,-5.602065e+01,-5.923974e+01,-6.089754e+01,-6.080164e+01
4.186667e+07,-5.743561e+01,-5.868791e+01,-6.155838e+01,-6.094115e+01
4.193333e+07,-5.646862e+01,-5.957572e+01,-5.954374e+01,-6.119222e+01
4.200000e+07,-5.607081e+01,-5.921813e+01,-5.992421e+01,-6.152202e+01
4.206667e+07,-5.626261e+01,-5.911078e+01,-6.039608e+01,-6.058334e+01
4.213333e+07,-5.648933e+01,-5.874346e+01,-6.055748e+01,-6.233435e+01
4.220000e+07,-5.732811e+01,-5.868677e+01,-5.987775e+01,-6.119886e+01
4.226667e+07,-5.714276e+01,-5.862878e+01,-6.074409e+01,-6.157075e+01
4.233333e+07,-5.650681e+01,-5.890092e+01,-6.042299e+01,-6.099760e+01
4.240000e+07,-5.640996e+01,-5.902453e+01,-6.008121e+01,-6.202025e+01
4.246667e+07,-5.641665e+01,-5.969795e+01,-5.976536e+01,-6.137429e+01
4.253333e+07,-5.761812e+01,-5.873927e+01,-6.110830e+01,-6.098288e+01
4.260000e+07,-5.717533e+01,-5.861018e+01,-6.003405e+01,-6.121529e+01
4.266667e+07,-5.729300e+01,-6.018439e+01,-5.993616e+01,-6.138013e+01
4.273333e+07,-5.621085e+01,-5.797115e+01,-6.004282e+01,-6.208678e+01
4.280000e+07,-5.700025e+01,-5.945082e+01,-5.926539e+01,-6.010736e+01
4.286667e+07,-5.673841e+01,-5.898509e+01,-6.064228e+01,-6.129261e+01
4.293333e+07,-5.679556e+01,-5.850630e+01,-5.948807e+01,-6.105144e+01
4.300000e+07,-5.713620e+01,-5.916827e+01,-5.979515e+01,-6.140813e+01
4.306667e+07,-5.693774e+01,-5.957413e+01,-5.989304e+01,-6.065019e+01
4.313333e+07,-5.775226e+01,-5.828799e+01,-6.031057e+01,-6.093529e+01
4.320000e+07,-5.695277e+01,-5.876856e+01,-6.039796e+01,-6.153474e+01
4.326667e+07,-5.700015e+01,-5.797465e+01,-6.014516e+01,-6.195752e+01
4.333333e+07,-5.725692e+01,-5.844557e+01,-5.953085e+01,-6.051607e+01
4.340000e+07,-5.607883e+01,-5.916785e+01,-5.966768e+01,-6.149468e+01
4.346667e+07,-5.678379e+01,-5.934269e+01,-5.953779e+01,-6.137963e+01
4.353333e+07,-5.705093e+01,-5.980695e+01,-5.979398e+01,-6.088117e+01
4.360000e+07,-5.717811e+01,-5.894166e+01,-6.002251e+01,-6.182900e+01
4.366667e+07,-5.753352e+01,-5.776455e+01,-5.974498e+01,-6.183216e+01
4.373333e+07,-5.796978e+01,-5.918784e+01,-5.982564e+01,-6.075419e+01
4.380000e+07,-5.659980e+01,-5.904752e+01,-5.982056e+01,-6.134221e+01
4.386667e+07,-5.715228e+01,-5.870530e+01,-6.021011e+01,-6.062773e+01
4.393333e+07,-5.660875e+01,-5.854388e+01,-5.988387e+01,-6.146521e+01
4.400000e+07,-5.734900e+01,-5.874716e+01,-6.021415e+01,-6.128544e+01
4.406667e+07,-5.647863e+01,-5.904310e+01,-6.011262e+01,-6.144648e+01
4.413333e+07,-5.650388e+01,-5.811200e+01,-6.007514e+01,-6.080543e+01
4.420000e+07,-5.578970e+01,-5.873085e+01,-6.040525e+01,-6.128098e+01
4.426667e+07,-5.740606e+01,-5.892490e+01,-5.946983e+01,-6.152377e+01
4.433333e+07,-5.684585e+01,-5.884127e+01,-6.045539e+01,-6.116201e+01
4.440000e+07,-5.706066e+01,-5.972337e+01,-5.954622e+01,-6.129662e+01
4.446667e+07,-5.639847e+01,-5.864830e+01,-6.010364e+01,-6.191761e+01
4.453333e+07,-5.728853e+01,-5.879077e+01,-5.956141e+01,-6.108789e+01
4.460000e+07,-5.722851e+01,-5.887095e+01,-6.038448e+01,-6.041617e+01
4.466667e+07,-5.647361e+01,-5.893593e+01,-5.989802e+01,-6.146684e+01
4.473333e+07,-5.672313e+01,-5.776045e+01,-5.942368e+01,-6.088524e+01
4.480000e+07,-5.671000e+01,-5.838813e+01,-5.996806e+01,-6.142325e+01
4.486667e+07,-5.688891e+01,-5.764453e+01,-6.069600e+01,-6.100311e+01
4.493333e+07,-5.731874e+01,-5.906631e+01,-6.003660e+01,-6.132818e+01
4.500000e+07,-5.719300e+01,-5.850235e+01,-6.014494e+01,-6.031219e+01
4.506667e+07,-5.660816e+01,-5.823187e+01,-6.062582e+01,-6.085400e+01
4.513333e+07,-5.620136e+01,-5.908276e+01,-6.005079e+01,-6.120188e+01
4.520000e+07,-5.636288e+01,-5.890252e+01,-6.017441e+01,-6.097180e+01
4.526667e+07,-5.823505e+01,-5.829442e+01,-5.996181e+01,-6.106664e+01
4.533333e+07,-5.720268e+01,-5.917661e+01,-5.932401e+01,-6.224715e+01
4.540000e+07,-5.709156e+01,-5.840071e+01,-5.951337e+01,-6.108039e+01
4.546667e+07,-5.760767e+01,-5.928309e+01,-5.998814e+01,-6.077522e+01
4.553333e+07,-5.701905e+01,-5.852864e+01,-5.943041e+01,-6.177499e+01
4.560000e+07,-5.644106e+01,-5.945671e+01,-5.920878e+01,-6.124515e+01
4.566667e+07,-5.705043e+01,-5.881483e+01,-5.956205e+01,-6.098367e+01
4.573333e+07,-5.645469e+01,-5.875144e+01,-6.010269e+01,-6.076694e+01
4.580000e+07,-5.673631e+01,-5.888863e+01,-6.058375e+01,-6.124870e+01
4.586667e+07,-5.755419e+01,-5.949717e+01,-5.979262e+01,-6.166087e+01
4.593333e+07,-5.741232e+01,-5.857695e+01,-6.003702e+01,-6.154734e+01
4.600000e+07,-5.678857e+01,-5.877178e+01,-5.976401e+01,-6.041746e+01
4.606667e+07,-5.658779e+01,-5.884546e+01,-6.035243e+01,-6.178948e+01
4.613333e+07,-5.717955e+01,-5.844539e+01,-6.009426e+01,-6.099675e+01
4.620000e+07,-5.761047e+01,-5.929509e+01,-5.943786e+01,-6.111489e+01
4.626667e+07,-5.612415e+01,-5.874365e+01,-5.968978e+01,-6.135905e+01
4.633333e+07,-5.640451e+01,-5.910007e+01,-5.972311e+01,-6.095501e+01
4.640000e+07,-5.696871e+01,-5.899676e+01,-5.994704e+01,-6.084997e+01
4.646667e+07,-5.688965e+01,-5.846335e+01,-6.057281e+01,-6.147350e+01
4.653333e+07,-5.768952e+01,-5.877711e+01,-6.033061e+01,-6.107307e+01
4.660000e+07,-5.647977e+01,-5.863579e+01,-5.925646e+01,-6.076339e+01
4.666667e+07,-5.767345e+01,-5.870182e+01,-5.998740e+01,-6.216775e+01
4.673333e+07,-5.726382e+01,-5.914077e+01,-5.981249e+01,-6.124745e+01
4.680000e+07,-5.775526e+01,-5.996582e+01,-6.011136e+01,-6.060749e+01
4.686667e+07,-5.684824e+01,-5.970551e+01,-6.027854e+01,-6.146335e+01
4.693333e+07,-5.693849e+01,-5.880375e+01,-5.988543e+01,-6.029137e+01
4.700000e+07,-5.701729e+01,-5.974217e+01,-5.956657e+01,-6.097091e+01
4.706667e+07,-5.600366e+01,-5.871542e+01,-5.998573e+01,-6.121275e+01
4.713333e+07,-5.774426e+01,-5.860220e+01,-6.076360e+01,-6.092636e+01
4.720000e+07,-5.639271e+01,-5.895911e+01,-6.050015e+01,-6.117562e+01
4.726667e+07,-5.744839e+01,-5.959024e+01,-6.028383e+01,-6.107327e+01
4.733333e+07,-5.581119e+01,-5.925161e+01,-5.988187e+01,-6.177458e+01
4.740000e+07,-5.715253e+01,-5.927816e+01,-6.038021e+01,-6.119650e+01
4.746667e+07,-5.687611e+01,-5.893783e+01,-6.071195e+01,-6.052048e+01
4.753333e+07,-5.725186e+01,-5.929105e+01,-6.064487e+01,-6.044981e+01
4.760000e+07,-5.757739e+01,-5.933373e+01,-6.022465e+01,-6.090979e+01
4.766667e+07,-5.656372e+01,-5.916183e+01,-6.024657e+01,-6.034114e+01
4.773333e+07,-5.745351e+01,-5.897222e+01,-6.005895e+01,-6.159864e+01
4.780000e+07,-5.719347e+01,-5.962210e+01,-6.021420e+01,-6.063321e+01
4.786667e+07,-5.667036e+01,-5.837566e+01,-6.030868e+01,-6.089980e+01
4.793333e+07,-5.701159e+01,-5.934141e+01,-6.063292e+01,-6.101542e+01
4.800000e+07,-5.799763e+01,-5.912957e+01,-6.108744e+01,-6.166201e+01
4.806667e+07,-5.719359e+01,-5.898305e+01,-6.096843e+01,-6.063646e+01
4.813333e+07,-5.680635e+01,-5.970518e+01,-5.983905e+01,-6.059379e+01
4.820000e+07,-5.735652e+01,-5.945601e+01,-5.995658e+01,-6.054102e+01
4.826667e+07,-5.784995e+01,-5.945750e+01,-6.035988e+01,-6.083406e+01
4.833333e+07,-5.644360e+01,-5.934495e+01,-6.032658e+01,-6.097131e+01
4.840000e+07,-5.795837e+01,-5.868884e+01,-5.971072e+01,-6.150389e+01
4.846667e+07,-5.797025e+01,-5.926665e+01,-5.935330e+01,-6.140131e+01
4.853333e+07,-5.701655e+01,-5.880736e+01,-5.927129e+01,-6.127384e+01
4.860000e+07,-5.748616e+01,-5.962685e+01,-5.948185e+01,-6.099047e+01
4.866667e+07,-5.725606e+01,-5.774714e+01,-6.034131e+01,-6.071546e+01
4.873333e+07,-5.739840e+01,-5.894330e+01,-5.925009e+01,-6.085380e+01
4.880000e+07,-5.748677e+01,-5.886739e+01,-5.962454e+01,-6.081047e+01
4.886667e+07,-5.688343e+01,-5.939482e+01,-5.963993e+01,-6.130562e+01
4.893333e+07,-5.665860e+01,-5.924278e+01,-6.063255e+01,-6.093399e+01
4.900000e+07,-5.720237e+01,-5.952494e+01,-5.986135e+01,-6.047946e+01
4.906667e+07,-5.822534e+01,-5.913247e+01,-6.015363e+01,-6.091678e+01
4.913333e+07,-5.806245e+01,-5.883537e+01,-5.939245e+01,-6.164107e+01
4.920000e+07,-5.728438e+01,-5.890371e+01,-6.019702e+01,-6.196070e+01
4.926667e+07,-5.715882e+01,-5.897704e+01,-5.978996e+01,-6.141339e+01
4.933333e+07,-5.833789e+01,-5.935274e+01,-5.987216e+01,-6.034558e+01
4.940000e+07,-5.654482e+01,-5.940890e+01,-5.955074e+01,-6.046077e+01
4.946667e+07,-5.726621e+01,-5.905715e+01,-5.851801e+01,-6.067788e+01
4.953333e+07,-5.639215e+01,-5.824279e+01,-6.065972e+01,-6.109511e+01
4.960000e+07,-5.708406e+01,-5.978584e+01,-5.989718e+01,-6.100589e+01
4.966667e+07,-5.710451e+01,-5.906962e+01,-6.029483e+01,-6.144112e+01
4.973333e+07,-5.665705e+01,-5.799293e+01,-6.032517e+01,-6.076351e+01
4.980000e+07,-5.685637e+01,-5.870750e+01,-5.994347e+01,-6.133209e+01
4.986667e+07,-5.739537e+01,-5.861575e+01,-6.024269e+01,-6.119970e+01
4.993333e+07,-5.754610e+01,-5.908622e+01,-5.927180e+01,-6.124115e+01
5.000000e+07,-5.686758e+01,-5.925953e+01,-5.945075e+01,-6.191727e+01
