# Machine Module,SSA3021X
# Y Axis Scale,LOG
# Y Axis Unit,dBm
# Impedance,50
# Number of Points,751
# Sweep Time(s),48.195000,Auto
# Start Frequency,+5.000000000e+06
# Stop Frequency,+6.000000000e+08
# Offset Frequency,+0.000000000e+00
# Average Type,Log Pwr
# RBW,10000.000000,Manual
# VBW,10000.000000,Auto
# Sweep Type,Continuous
# Sweep Mode,Sweep
# Sweep Rule,Speed
# PreAmp State,ON
# Ref Level,-3.000000000e+01
# Attenuation,10,Auto
# Trigger Source,FreeRun
# Trigger Level,+0.000000000e+00
# External Trigger Edge,FALL
# Video Trigger Edge,FALL
# Marker Information
# Marker,Trace,Type,X Axis,Amplitude
# Marker1,A,Frequency,250.140000 MHz,-41.14 dBm
# Trace Math,0
# Trace Variable X,Trace A
# Trace Variable Y,Trace B
# Trace Variable Z,Trace C
# Trace Name,Trace A,Trace B,Trace C
# Trace Type,Clear Write,View,View
# Trace Detector,Sample,Sample,Sample
# Trace Data
# 
# One Inch Photodetector, 2021-09-28
# photodiode FD80FC
# transimpedance 5k1 ohms
# RBW 10 kHz
# detector mode for noise traces: Sample!
#
5.000000e+06,-3.645980e+01,-1.156004e+02,-1.140324e+02
5.793333e+06,-3.654280e+01,-1.176774e+02,-1.084151e+02
6.586667e+06,-3.657210e+01,-1.160274e+02,-1.085038e+02
7.380000e+06,-3.656233e+01,-1.133994e+02,-1.095219e+02
8.173333e+06,-3.660628e+01,-1.144648e+02,-1.098529e+02
8.966667e+06,-3.677230e+01,-1.184196e+02,-1.094607e+02
9.760000e+06,-3.667464e+01,-1.167581e+02,-1.143278e+02
1.055333e+07,-3.664046e+01,-1.118335e+02,-1.142954e+02
1.134667e+07,-3.665022e+01,-1.186025e+02,-1.113897e+02
1.214000e+07,-3.664534e+01,-1.125344e+02,-1.097735e+02
1.293333e+07,-3.675765e+01,-1.144663e+02,-1.108240e+02
1.372667e+07,-3.681624e+01,-1.161694e+02,-1.071655e+02
1.452000e+07,-3.672835e+01,-1.160345e+02,-1.118382e+02
1.531333e+07,-3.671370e+01,-1.173924e+02,-1.089185e+02
1.610667e+07,-3.667952e+01,-1.151581e+02,-1.114593e+02
1.690000e+07,-3.670394e+01,-1.161770e+02,-1.109360e+02
1.769333e+07,-3.667464e+01,-1.118402e+02,-1.072186e+02
1.848667e+07,-3.668440e+01,-1.167475e+02,-1.126874e+02
1.928000e+07,-3.671858e+01,-1.136489e+02,-1.120886e+02
2.007333e+07,-3.668929e+01,-1.127279e+02,-1.113780e+02
2.086667e+07,-3.667952e+01,-1.168874e+02,-1.094156e+02
2.166000e+07,-3.675765e+01,-1.178480e+02,-1.108668e+02
2.245333e+07,-3.671370e+01,-1.142403e+02,-1.076892e+02
2.324667e+07,-3.678694e+01,-1.162085e+02,-1.125324e+02
2.404000e+07,-3.688460e+01,-1.181533e+02,-1.104504e+02
2.483333e+07,-3.697737e+01,-1.138604e+02,-1.109883e+02
2.562667e+07,-3.728499e+01,-1.154092e+02,-1.110401e+02
2.642000e+07,-3.728499e+01,-1.144966e+02,-1.091693e+02
2.721333e+07,-3.712874e+01,-1.156384e+02,-1.114092e+02
2.800667e+07,-3.701155e+01,-1.146559e+02,-1.100054e+02
2.880000e+07,-3.684065e+01,-1.157586e+02,-1.101417e+02
2.959333e+07,-3.673323e+01,-1.139020e+02,-1.139232e+02
3.038667e+07,-3.674300e+01,-1.175984e+02,-1.110709e+02
3.118000e+07,-3.667952e+01,-1.159295e+02,-1.076299e+02
3.197333e+07,-3.666487e+01,-1.144213e+02,-1.096295e+02
3.276667e+07,-3.667464e+01,-1.161113e+02,-1.065935e+02
3.356000e+07,-3.664046e+01,-1.180519e+02,-1.102788e+02
3.435333e+07,-3.665511e+01,-1.136536e+02,-1.092129e+02
3.514667e+07,-3.662093e+01,-1.152942e+02,-1.123428e+02
3.594000e+07,-3.657698e+01,-1.166992e+02,-1.105148e+02
3.673333e+07,-3.665999e+01,-1.142979e+02,-1.072878e+02
3.752667e+07,-3.662093e+01,-1.141451e+02,-1.119295e+02
3.832000e+07,-3.658675e+01,-1.113911e+02,-1.060008e+02
3.911333e+07,-3.664046e+01,-1.140326e+02,-1.065218e+02
3.990667e+07,-3.658675e+01,-1.157471e+02,-1.082426e+02
4.070000e+07,-3.661605e+01,-1.153826e+02,-1.075532e+02
4.149333e+07,-3.662093e+01,-1.203936e+02,-1.077536e+02
4.228667e+07,-3.659163e+01,-1.133906e+02,-1.090660e+02
4.308000e+07,-3.662093e+01,-1.153872e+02,-1.094986e+02
4.387333e+07,-3.660140e+01,-1.145119e+02,-1.077473e+02
4.466667e+07,-3.658187e+01,-1.163872e+02,-1.081580e+02
4.546000e+07,-3.664534e+01,-1.154332e+02,-1.077078e+02
4.625333e+07,-3.660628e+01,-1.139882e+02,-1.087546e+02
4.704667e+07,-3.661116e+01,-1.164091e+02,-1.098051e+02
4.784000e+07,-3.665999e+01,-1.136147e+02,-1.085707e+02
4.863333e+07,-3.663558e+01,-1.146081e+02,-1.063723e+02
4.942667e+07,-3.664534e+01,-1.137871e+02,-1.063220e+02
5.022000e+07,-3.666976e+01,-1.147514e+02,-1.063350e+02
5.101333e+07,-3.665511e+01,-1.158462e+02,-1.121628e+02
5.180667e+07,-3.669905e+01,-1.156809e+02,-1.114348e+02
5.260000e+07,-3.666487e+01,-1.174058e+02,-1.055660e+02
5.339333e+07,-3.665022e+01,-1.185644e+02,-1.073847e+02
5.418667e+07,-3.671858e+01,-1.137993e+02,-1.043299e+02
5.498000e+07,-3.668929e+01,-1.146053e+02,-1.098969e+02
5.577333e+07,-3.669417e+01,-1.162604e+02,-1.077707e+02
5.656667e+07,-3.674788e+01,-1.126682e+02,-1.063202e+02
5.736000e+07,-3.670882e+01,-1.159044e+02,-1.058758e+02
5.815333e+07,-3.673812e+01,-1.151104e+02,-1.075339e+02
5.894667e+07,-3.674300e+01,-1.163852e+02,-1.077528e+02
5.974000e+07,-3.672347e+01,-1.167748e+02,-1.083944e+02
6.053333e+07,-3.673323e+01,-1.107869e+02,-1.066917e+02
6.132667e+07,-3.673812e+01,-1.147755e+02,-1.070920e+02
6.212000e+07,-3.670394e+01,-1.159237e+02,-1.065848e+02
6.291333e+07,-3.675765e+01,-1.163738e+02,-1.059113e+02
6.370667e+07,-3.672347e+01,-1.124348e+02,-1.072623e+02
6.450000e+07,-3.674788e+01,-1.157126e+02,-1.059028e+02
6.529333e+07,-3.677230e+01,-1.146485e+02,-1.088192e+02
6.608667e+07,-3.674788e+01,-1.144467e+02,-1.076122e+02
6.688000e+07,-3.677230e+01,-1.143899e+02,-1.055712e+02
6.767333e+07,-3.675276e+01,-1.137921e+02,-1.043360e+02
6.846667e+07,-3.675276e+01,-1.187057e+02,-1.086258e+02
6.926000e+07,-3.678694e+01,-1.186666e+02,-1.045804e+02
7.005333e+07,-3.674788e+01,-1.184081e+02,-1.050186e+02
7.084667e+07,-3.671370e+01,-1.181711e+02,-1.060067e+02
7.164000e+07,-3.675765e+01,-1.153591e+02,-1.068740e+02
7.243333e+07,-3.669905e+01,-1.161727e+02,-1.047615e+02
7.322667e+07,-3.672835e+01,-1.164437e+02,-1.037569e+02
7.402000e+07,-3.672347e+01,-1.141434e+02,-1.039464e+02
7.481333e+07,-3.666487e+01,-1.146732e+02,-1.035641e+02
7.560667e+07,-3.670394e+01,-1.146614e+02,-1.014123e+02
7.640000e+07,-3.670394e+01,-1.182439e+02,-1.017248e+02
7.719333e+07,-3.664046e+01,-1.157775e+02,-1.030734e+02
7.798667e+07,-3.669417e+01,-1.169734e+02,-1.029607e+02
7.878000e+07,-3.663558e+01,-1.138335e+02,-1.035089e+02
7.957333e+07,-3.661116e+01,-1.151587e+02,-1.046748e+02
8.036667e+07,-3.662581e+01,-1.170189e+02,-1.014845e+02
8.116000e+07,-3.658187e+01,-1.141885e+02,-1.043423e+02
8.195333e+07,-3.658187e+01,-1.162879e+02,-1.019567e+02
8.274667e+07,-3.657698e+01,-1.153780e+02,-1.054525e+02
8.354000e+07,-3.653304e+01,-1.163396e+02,-1.025111e+02
8.433333e+07,-3.651351e+01,-1.143107e+02,-1.039163e+02
8.512667e+07,-3.648421e+01,-1.135697e+02,-1.045283e+02
8.592000e+07,-3.643538e+01,-1.182778e+02,-1.055433e+02
8.671333e+07,-3.646956e+01,-1.148335e+02,-1.030865e+02
8.750667e+07,-3.639144e+01,-1.141429e+02,-1.023639e+02
8.830000e+07,-3.638167e+01,-1.140195e+02,-1.017320e+02
8.909333e+07,-3.640120e+01,-1.159480e+02,-1.038183e+02
8.988667e+07,-3.630843e+01,-1.184522e+02,-1.026116e+02
9.068000e+07,-3.626937e+01,-1.173243e+02,-1.023489e+02
9.147333e+07,-3.629378e+01,-1.140301e+02,-1.028868e+02
9.226667e+07,-3.620589e+01,-1.161292e+02,-1.009313e+02
9.306000e+07,-3.620589e+01,-1.144701e+02,-1.014119e+02
9.385333e+07,-3.615218e+01,-1.162949e+02,-1.064472e+02
9.464667e+07,-3.607405e+01,-1.164720e+02,-1.034578e+02
9.544000e+07,-3.608870e+01,-1.198405e+02,-1.070045e+02
9.623333e+07,-3.601058e+01,-1.160626e+02,-1.029291e+02
9.702667e+07,-3.598128e+01,-1.165548e+02,-1.020760e+02
9.782000e+07,-3.599593e+01,-1.151726e+02,-1.038101e+02
9.861333e+07,-3.592757e+01,-1.167741e+02,-1.036769e+02
9.940667e+07,-3.588851e+01,-1.175295e+02,-1.040005e+02
1.002000e+08,-3.584944e+01,-1.152788e+02,-1.054833e+02
1.009933e+08,-3.579085e+01,-1.117902e+02,-1.004622e+02
1.017867e+08,-3.574690e+01,-1.146041e+02,-1.010714e+02
1.025800e+08,-3.572249e+01,-1.138737e+02,-1.003778e+02
1.033733e+08,-3.564437e+01,-1.166197e+02,-9.802730e+01
1.041667e+08,-3.567855e+01,-1.144083e+02,-1.036670e+02
1.049600e+08,-3.558089e+01,-1.148573e+02,-1.027679e+02
1.057533e+08,-3.552230e+01,-1.142798e+02,-1.037715e+02
1.065467e+08,-3.552230e+01,-1.135713e+02,-1.016416e+02
1.073400e+08,-3.544905e+01,-1.158656e+02,-1.014145e+02
1.081333e+08,-3.543440e+01,-1.159625e+02,-1.015359e+02
1.089267e+08,-3.536116e+01,-1.140556e+02,-9.943105e+01
1.097200e+08,-3.534651e+01,-1.192829e+02,-9.999343e+01
1.105133e+08,-3.532210e+01,-1.139921e+02,-9.858339e+01
1.113067e+08,-3.524886e+01,-1.159330e+02,-9.847237e+01
1.121000e+08,-3.519026e+01,-1.165839e+02,-1.013190e+02
1.128933e+08,-3.520980e+01,-1.121539e+02,-9.995487e+01
1.136867e+08,-3.510237e+01,-1.145683e+02,-1.016046e+02
1.144800e+08,-3.507796e+01,-1.144332e+02,-1.018019e+02
1.152733e+08,-3.504378e+01,-1.153098e+02,-9.982815e+01
1.160667e+08,-3.499007e+01,-1.159860e+02,-9.725925e+01
1.168600e+08,-3.497054e+01,-1.144103e+02,-1.057785e+02
1.176533e+08,-3.491194e+01,-1.163598e+02,-9.954335e+01
1.184467e+08,-3.489241e+01,-1.140897e+02,-9.884355e+01
1.192400e+08,-3.487288e+01,-1.181895e+02,-1.002607e+02
1.200333e+08,-3.479476e+01,-1.173697e+02,-1.003692e+02
1.208267e+08,-3.477034e+01,-1.156390e+02,-1.003825e+02
1.216200e+08,-3.476546e+01,-1.173667e+02,-1.021243e+02
1.224133e+08,-3.468733e+01,-1.171076e+02,-1.018671e+02
1.232067e+08,-3.467269e+01,-1.130401e+02,-1.034554e+02
1.240000e+08,-3.467757e+01,-1.138905e+02,-9.912058e+01
1.247933e+08,-3.459944e+01,-1.142409e+02,-9.721515e+01
1.255867e+08,-3.457991e+01,-1.135647e+02,-1.010857e+02
1.263800e+08,-3.453108e+01,-1.168204e+02,-9.902550e+01
1.271733e+08,-3.443831e+01,-1.185340e+02,-1.004989e+02
1.279667e+08,-3.449202e+01,-1.138906e+02,-9.633694e+01
1.287600e+08,-3.439437e+01,-1.151763e+02,-1.011814e+02
1.295533e+08,-3.437483e+01,-1.152798e+02,-9.869144e+01
1.303467e+08,-3.436995e+01,-1.189111e+02,-9.823589e+01
1.311400e+08,-3.429671e+01,-1.140988e+02,-9.958413e+01
1.319333e+08,-3.427718e+01,-1.145926e+02,-1.005542e+02
1.327267e+08,-3.426253e+01,-1.152300e+02,-9.987773e+01
1.335200e+08,-3.421370e+01,-1.171344e+02,-9.474769e+01
1.343133e+08,-3.418929e+01,-1.153977e+02,-9.929015e+01
1.351067e+08,-3.412581e+01,-1.143376e+02,-1.013385e+02
1.359000e+08,-3.407698e+01,-1.147310e+02,-1.004541e+02
1.366933e+08,-3.410140e+01,-1.154139e+02,-1.017360e+02
1.374867e+08,-3.403304e+01,-1.162296e+02,-9.965175e+01
1.382800e+08,-3.397444e+01,-1.175569e+02,-1.015488e+02
1.390733e+08,-3.399886e+01,-1.169169e+02,-9.589276e+01
1.398667e+08,-3.396956e+01,-1.147398e+02,-9.778241e+01
1.406600e+08,-3.394515e+01,-1.158054e+02,-9.926159e+01
1.414533e+08,-3.393050e+01,-1.167223e+02,-9.840362e+01
1.422467e+08,-3.388655e+01,-1.155661e+02,-9.747511e+01
1.430400e+08,-3.386214e+01,-1.170152e+02,-9.843565e+01
1.438333e+08,-3.381819e+01,-1.167676e+02,-9.843792e+01
1.446267e+08,-3.380355e+01,-1.147542e+02,-9.795155e+01
1.454200e+08,-3.383284e+01,-1.156307e+02,-9.647050e+01
1.462133e+08,-3.374983e+01,-1.169558e+02,-9.854608e+01
1.470067e+08,-3.372054e+01,-1.181964e+02,-9.854456e+01
1.478000e+08,-3.373519e+01,-1.127336e+02,-9.687921e+01
1.485933e+08,-3.366194e+01,-1.152255e+02,-9.788894e+01
1.493867e+08,-3.365218e+01,-1.178663e+02,-9.862081e+01
1.501800e+08,-3.364730e+01,-1.133819e+02,-9.768171e+01
1.509733e+08,-3.364241e+01,-1.164640e+02,-9.765007e+01
1.517667e+08,-3.361312e+01,-1.146426e+02,-9.599073e+01
1.525600e+08,-3.355452e+01,-1.170117e+02,-9.729956e+01
1.533533e+08,-3.353011e+01,-1.112358e+02,-9.687898e+01
1.541467e+08,-3.355940e+01,-1.147354e+02,-9.622843e+01
1.549400e+08,-3.349105e+01,-1.162712e+02,-9.946050e+01
1.557333e+08,-3.348128e+01,-1.148113e+02,-9.514362e+01
1.565267e+08,-3.350081e+01,-1.154726e+02,-9.604788e+01
1.573200e+08,-3.343245e+01,-1.172664e+02,-1.015097e+02
1.581133e+08,-3.345198e+01,-1.164696e+02,-9.666030e+01
1.589067e+08,-3.346175e+01,-1.177042e+02,-9.683128e+01
1.597000e+08,-3.341780e+01,-1.126440e+02,-9.460577e+01
1.604933e+08,-3.345198e+01,-1.145421e+02,-9.808605e+01
1.612867e+08,-3.338362e+01,-1.170621e+02,-9.764550e+01
1.620800e+08,-3.335921e+01,-1.169134e+02,-9.162062e+01
1.628733e+08,-3.340804e+01,-1.171371e+02,-9.271894e+01
1.636667e+08,-3.333968e+01,-1.145218e+02,-9.748558e+01
1.644600e+08,-3.334944e+01,-1.141538e+02,-9.839190e+01
1.652533e+08,-3.334456e+01,-1.148423e+02,-9.833511e+01
1.660467e+08,-3.334944e+01,-1.144184e+02,-9.307194e+01
1.668400e+08,-3.335433e+01,-1.166048e+02,-9.414679e+01
1.676333e+08,-3.334456e+01,-1.162365e+02,-9.750073e+01
1.684267e+08,-3.329085e+01,-1.178757e+02,-9.905058e+01
1.692200e+08,-3.338362e+01,-1.128354e+02,-9.267230e+01
1.700133e+08,-3.332503e+01,-1.148697e+02,-9.670784e+01
1.708067e+08,-3.330062e+01,-1.137943e+02,-9.511460e+01
1.716000e+08,-3.338362e+01,-1.182765e+02,-9.537030e+01
1.723933e+08,-3.336409e+01,-1.155256e+02,-9.790077e+01
1.731867e+08,-3.335921e+01,-1.161066e+02,-9.500319e+01
1.739800e+08,-3.340315e+01,-1.135085e+02,-9.651866e+01
1.747733e+08,-3.340315e+01,-1.156151e+02,-9.803632e+01
1.755667e+08,-3.344710e+01,-1.132307e+02,-9.337757e+01
1.763600e+08,-3.341292e+01,-1.145507e+02,-9.323440e+01
1.771533e+08,-3.343245e+01,-1.169888e+02,-1.000529e+02
1.779467e+08,-3.352034e+01,-1.177284e+02,-9.424753e+01
1.787400e+08,-3.349105e+01,-1.158435e+02,-9.613214e+01
1.795333e+08,-3.347151e+01,-1.154654e+02,-9.473519e+01
1.803267e+08,-3.356917e+01,-1.129809e+02,-9.545198e+01
1.811200e+08,-3.353011e+01,-1.113419e+02,-9.295019e+01
1.819133e+08,-3.360823e+01,-1.154653e+02,-9.549800e+01
1.827067e+08,-3.365218e+01,-1.169753e+02,-9.468214e+01
1.835000e+08,-3.364730e+01,-1.103824e+02,-9.481812e+01
1.842933e+08,-3.373519e+01,-1.162789e+02,-9.685808e+01
1.850867e+08,-3.374007e+01,-1.151801e+02,-9.548116e+01
1.858800e+08,-3.375960e+01,-1.156020e+02,-9.568245e+01
1.866733e+08,-3.383772e+01,-1.168269e+02,-9.689062e+01
1.874667e+08,-3.386702e+01,-1.152775e+02,-9.668355e+01
1.882600e+08,-3.391097e+01,-1.162629e+02,-9.487503e+01
1.890533e+08,-3.398909e+01,-1.148408e+02,-9.649874e+01
1.898467e+08,-3.401351e+01,-1.181692e+02,-9.740804e+01
1.906400e+08,-3.408187e+01,-1.175886e+02,-9.501038e+01
1.914333e+08,-3.418440e+01,-1.136521e+02,-9.414980e+01
1.922267e+08,-3.419905e+01,-1.148564e+02,-9.377116e+01
1.930200e+08,-3.426741e+01,-1.138449e+02,-9.333308e+01
1.938133e+08,-3.430159e+01,-1.158516e+02,-9.547073e+01
1.946067e+08,-3.436507e+01,-1.139314e+02,-9.672745e+01
1.954000e+08,-3.447249e+01,-1.145976e+02,-9.511456e+01
1.961933e+08,-3.450667e+01,-1.163824e+02,-9.355905e+01
1.969867e+08,-3.457015e+01,-1.164509e+02,-9.444421e+01
1.977800e+08,-3.467269e+01,-1.164539e+02,-9.730550e+01
1.985733e+08,-3.473128e+01,-1.141551e+02,-9.751401e+01
1.993667e+08,-3.479476e+01,-1.186059e+02,-9.498577e+01
2.001600e+08,-3.485823e+01,-1.148073e+02,-9.664554e+01
2.009533e+08,-3.495589e+01,-1.143076e+02,-9.608460e+01
2.017467e+08,-3.503890e+01,-1.148431e+02,-9.823112e+01
2.025400e+08,-3.509261e+01,-1.162804e+02,-9.472804e+01
2.033333e+08,-3.515120e+01,-1.189976e+02,-9.908343e+01
2.041267e+08,-3.528792e+01,-1.177269e+02,-9.610069e+01
2.049200e+08,-3.532698e+01,-1.159771e+02,-1.017270e+02
2.057133e+08,-3.543440e+01,-1.177916e+02,-9.684714e+01
2.065067e+08,-3.553694e+01,-1.159502e+02,-9.781894e+01
2.073000e+08,-3.559065e+01,-1.160740e+02,-9.657940e+01
2.080933e+08,-3.572249e+01,-1.146472e+02,-9.564312e+01
2.088867e+08,-3.579573e+01,-1.160256e+02,-9.691026e+01
2.096800e+08,-3.585921e+01,-1.156713e+02,-9.886222e+01
2.104733e+08,-3.600569e+01,-1.152049e+02,-9.616827e+01
2.112667e+08,-3.606429e+01,-1.132105e+02,-9.787558e+01
2.120600e+08,-3.614730e+01,-1.143273e+02,-9.481081e+01
2.128533e+08,-3.631819e+01,-1.177383e+02,-9.530538e+01
2.136467e+08,-3.636702e+01,-1.136648e+02,-9.649874e+01
2.144400e+08,-3.646468e+01,-1.128189e+02,-9.820105e+01
2.152333e+08,-3.658187e+01,-1.132245e+02,-1.000096e+02
2.160267e+08,-3.664046e+01,-1.128736e+02,-9.836300e+01
2.168200e+08,-3.680647e+01,-1.123695e+02,-9.454331e+01
2.176133e+08,-3.689437e+01,-1.170425e+02,-9.841593e+01
2.184067e+08,-3.695296e+01,-1.138432e+02,-9.442507e+01
2.192000e+08,-3.710433e+01,-1.147648e+02,-9.702167e+01
2.199933e+08,-3.719710e+01,-1.155434e+02,-9.772855e+01
2.207867e+08,-3.729476e+01,-1.145498e+02,-1.005007e+02
2.215800e+08,-3.744612e+01,-1.149091e+02,-9.845433e+01
2.223733e+08,-3.751937e+01,-1.176196e+02,-9.955491e+01
2.231667e+08,-3.762190e+01,-1.199719e+02,-9.884769e+01
2.239600e+08,-3.774397e+01,-1.184967e+02,-9.735081e+01
2.247533e+08,-3.784163e+01,-1.137008e+02,-1.008866e+02
2.255467e+08,-3.795882e+01,-1.133269e+02,-9.781315e+01
2.263400e+08,-3.806136e+01,-1.150835e+02,-9.639745e+01
2.271333e+08,-3.811019e+01,-1.146289e+02,-9.992261e+01
2.279267e+08,-3.831038e+01,-1.146781e+02,-1.009470e+02
2.287200e+08,-3.836409e+01,-1.160572e+02,-9.586628e+01
2.295133e+08,-3.846663e+01,-1.152037e+02,-9.731218e+01
2.303067e+08,-3.861312e+01,-1.145453e+02,-9.779034e+01
2.311000e+08,-3.867659e+01,-1.158008e+02,-9.968800e+01
2.318933e+08,-3.879378e+01,-1.131976e+02,-9.941784e+01
2.326867e+08,-3.892562e+01,-1.146975e+02,-1.003628e+02
2.334800e+08,-3.900374e+01,-1.192545e+02,-9.826433e+01
2.342733e+08,-3.914534e+01,-1.176648e+02,-9.577046e+01
2.350667e+08,-3.922347e+01,-1.174740e+02,-9.621894e+01
2.358600e+08,-3.930159e+01,-1.164134e+02,-9.758644e+01
2.366533e+08,-3.944319e+01,-1.181168e+02,-9.728015e+01
2.374467e+08,-3.952620e+01,-1.157481e+02,-1.023118e+02
2.382400e+08,-3.962874e+01,-1.136180e+02,-9.694476e+01
2.390333e+08,-3.977034e+01,-1.153345e+02,-9.772183e+01
2.398267e+08,-3.984358e+01,-1.152109e+02,-1.011143e+02
2.406200e+08,-3.994124e+01,-1.141465e+02,-9.965151e+01
2.414133e+08,-4.006331e+01,-1.145905e+02,-9.786987e+01
2.422067e+08,-4.015608e+01,-1.147282e+02,-1.010598e+02
2.430000e+08,-4.028792e+01,-1.149747e+02,-9.958718e+01
2.437933e+08,-4.035628e+01,-1.160547e+02,-9.823417e+01
2.445867e+08,-4.043929e+01,-1.151338e+02,-1.033544e+02
2.453800e+08,-4.058577e+01,-1.142256e+02,-9.875343e+01
2.461733e+08,-4.061995e+01,-1.178532e+02,-1.042566e+02
2.469667e+08,-4.075179e+01,-1.150339e+02,-9.688347e+01
2.477600e+08,-4.088362e+01,-1.151097e+02,-1.008262e+02
2.485533e+08,-4.097640e+01,-1.132553e+02,-9.776542e+01
2.493467e+08,-4.108382e+01,-1.169671e+02,-9.810644e+01
2.501400e+08,-4.114241e+01,-1.134875e+02,-9.668601e+01
2.509333e+08,-4.122054e+01,-1.128361e+02,-1.004546e+02
2.517267e+08,-4.136214e+01,-1.125421e+02,-9.983417e+01
2.525200e+08,-4.144026e+01,-1.148591e+02,-9.712769e+01
2.533133e+08,-4.152815e+01,-1.162856e+02,-1.009318e+02
2.541067e+08,-4.170394e+01,-1.179202e+02,-1.001043e+02
2.549000e+08,-4.175276e+01,-1.131543e+02,-1.026826e+02
2.556933e+08,-4.185530e+01,-1.160946e+02,-9.893749e+01
2.564867e+08,-4.196272e+01,-1.137855e+02,-1.012039e+02
2.572800e+08,-4.204573e+01,-1.165127e+02,-9.938394e+01
2.580733e+08,-4.213851e+01,-1.144447e+02,-1.005574e+02
2.588667e+08,-4.222640e+01,-1.154517e+02,-1.013801e+02
2.596600e+08,-4.222151e+01,-1.181897e+02,-1.025178e+02
2.604533e+08,-4.244124e+01,-1.139349e+02,-1.007148e+02
2.612467e+08,-4.248030e+01,-1.158641e+02,-9.952253e+01
2.620400e+08,-4.253401e+01,-1.152427e+02,-1.017776e+02
2.628333e+08,-4.263655e+01,-1.137654e+02,-1.025258e+02
2.636267e+08,-4.267073e+01,-1.118643e+02,-1.022077e+02
2.644200e+08,-4.278792e+01,-1.125849e+02,-1.043884e+02
2.652133e+08,-4.289534e+01,-1.146793e+02,-9.843999e+01
2.660067e+08,-4.294417e+01,-1.179066e+02,-1.041903e+02
2.668000e+08,-4.308577e+01,-1.149413e+02,-1.009812e+02
2.675933e+08,-4.313460e+01,-1.139984e+02,-1.000470e+02
2.683867e+08,-4.316390e+01,-1.164003e+02,-9.988714e+01
2.691800e+08,-4.331526e+01,-1.163820e+02,-1.045950e+02
2.699733e+08,-4.335433e+01,-1.139417e+02,-9.906851e+01
2.707667e+08,-4.344710e+01,-1.165433e+02,-1.005400e+02
2.715600e+08,-4.355452e+01,-1.151874e+02,-1.017039e+02
2.723533e+08,-4.359847e+01,-1.135708e+02,-1.016265e+02
2.731467e+08,-4.368636e+01,-1.139499e+02,-1.003926e+02
2.739400e+08,-4.378890e+01,-1.141795e+02,-1.020035e+02
2.747333e+08,-4.387190e+01,-1.137729e+02,-1.020601e+02
2.755267e+08,-4.396956e+01,-1.170994e+02,-1.030758e+02
2.763200e+08,-4.402327e+01,-1.149632e+02,-1.020006e+02
2.771133e+08,-4.405745e+01,-1.174400e+02,-1.031805e+02
2.779067e+08,-4.419905e+01,-1.125362e+02,-1.023479e+02
2.787000e+08,-4.423812e+01,-1.141540e+02,-1.036680e+02
2.794933e+08,-4.433577e+01,-1.176453e+02,-1.036205e+02
2.802867e+08,-4.446761e+01,-1.155511e+02,-1.017741e+02
2.810800e+08,-4.451644e+01,-1.171049e+02,-1.044697e+02
2.818733e+08,-4.458480e+01,-1.158532e+02,-9.979175e+01
2.826667e+08,-4.469710e+01,-1.150411e+02,-1.027575e+02
2.834600e+08,-4.473128e+01,-1.158272e+02,-1.024570e+02
2.842533e+08,-4.486800e+01,-1.145152e+02,-1.012431e+02
2.850467e+08,-4.490218e+01,-1.156906e+02,-1.041632e+02
2.858400e+08,-4.499983e+01,-1.120325e+02,-1.052223e+02
2.866333e+08,-4.510237e+01,-1.144838e+02,-1.050077e+02
2.874267e+08,-4.517562e+01,-1.137321e+02,-1.045732e+02
2.882200e+08,-4.522444e+01,-1.156133e+02,-1.045271e+02
2.890133e+08,-4.537093e+01,-1.172784e+02,-1.037899e+02
2.898067e+08,-4.538069e+01,-1.153980e+02,-1.021607e+02
2.906000e+08,-4.552230e+01,-1.194197e+02,-1.050930e+02
2.913933e+08,-4.556624e+01,-1.133679e+02,-1.017446e+02
2.921867e+08,-4.561995e+01,-1.126998e+02,-1.034067e+02
2.929800e+08,-4.577132e+01,-1.148662e+02,-1.025746e+02
2.937733e+08,-4.585921e+01,-1.149457e+02,-1.010466e+02
2.945667e+08,-4.590804e+01,-1.136378e+02,-1.032100e+02
2.953600e+08,-4.605940e+01,-1.123110e+02,-1.042623e+02
2.961533e+08,-4.608382e+01,-1.128822e+02,-1.023226e+02
2.969467e+08,-4.619612e+01,-1.171418e+02,-1.045598e+02
2.977400e+08,-4.629866e+01,-1.157376e+02,-1.039894e+02
2.985333e+08,-4.634261e+01,-1.183307e+02,-1.013538e+02
2.993267e+08,-4.646468e+01,-1.129027e+02,-1.019221e+02
3.001200e+08,-4.657698e+01,-1.142045e+02,-1.028800e+02
3.009133e+08,-4.662093e+01,-1.146843e+02,-1.023128e+02
3.017067e+08,-4.676253e+01,-1.155102e+02,-1.055276e+02
3.025000e+08,-4.677718e+01,-1.178786e+02,-1.036344e+02
3.032933e+08,-4.690413e+01,-1.150855e+02,-1.068347e+02
3.040867e+08,-4.702132e+01,-1.152349e+02,-1.056697e+02
3.048800e+08,-4.710433e+01,-1.151736e+02,-1.024491e+02
3.056733e+08,-4.717269e+01,-1.127472e+02,-1.039642e+02
3.064667e+08,-4.734358e+01,-1.182738e+02,-1.048457e+02
3.072600e+08,-4.736312e+01,-1.152144e+02,-1.033777e+02
3.080533e+08,-4.747542e+01,-1.159411e+02,-1.014467e+02
3.088467e+08,-4.756331e+01,-1.166101e+02,-1.020893e+02
3.096400e+08,-4.764144e+01,-1.125937e+02,-9.948526e+01
3.104333e+08,-4.775862e+01,-1.149889e+02,-1.037732e+02
3.112267e+08,-4.783675e+01,-1.139846e+02,-1.062219e+02
3.120200e+08,-4.794417e+01,-1.163288e+02,-1.053827e+02
3.128133e+08,-4.805647e+01,-1.160266e+02,-1.058569e+02
3.136067e+08,-4.812483e+01,-1.167485e+02,-1.021669e+02
3.144000e+08,-4.822249e+01,-1.154163e+02,-1.060677e+02
3.151933e+08,-4.831526e+01,-1.166959e+02,-1.024351e+02
3.159867e+08,-4.839827e+01,-1.132708e+02,-1.062829e+02
3.167800e+08,-4.852034e+01,-1.157190e+02,-1.046383e+02
3.175733e+08,-4.859847e+01,-1.178091e+02,-1.035139e+02
3.183667e+08,-4.860335e+01,-1.160771e+02,-1.060888e+02
3.191600e+08,-4.881331e+01,-1.138180e+02,-1.035956e+02
3.199533e+08,-4.880843e+01,-1.133069e+02,-1.100597e+02
3.207467e+08,-4.892562e+01,-1.145478e+02,-1.022364e+02
3.215400e+08,-4.906233e+01,-1.153861e+02,-1.057265e+02
3.223333e+08,-4.911605e+01,-1.162718e+02,-1.043259e+02
3.231267e+08,-4.919417e+01,-1.150245e+02,-1.042509e+02
3.239200e+08,-4.929183e+01,-1.150264e+02,-1.041526e+02
3.247133e+08,-4.938460e+01,-1.165653e+02,-1.074982e+02
3.255067e+08,-4.945296e+01,-1.176505e+02,-1.039150e+02
3.263000e+08,-4.951155e+01,-1.148300e+02,-1.036630e+02
3.270933e+08,-4.957503e+01,-1.145942e+02,-1.031089e+02
3.278867e+08,-4.973128e+01,-1.160506e+02,-1.065915e+02
3.286800e+08,-4.976546e+01,-1.141810e+02,-1.084259e+02
3.294733e+08,-4.980940e+01,-1.179757e+02,-1.053461e+02
3.302667e+08,-4.993636e+01,-1.127149e+02,-1.045303e+02
3.310600e+08,-4.990218e+01,-1.141223e+02,-1.079867e+02
3.318533e+08,-5.001448e+01,-1.158133e+02,-1.056328e+02
3.326467e+08,-5.011702e+01,-1.145777e+02,-1.051430e+02
3.334400e+08,-5.010726e+01,-1.147521e+02,-1.081039e+02
3.342333e+08,-5.025862e+01,-1.154838e+02,-1.074636e+02
3.350267e+08,-5.028304e+01,-1.173814e+02,-1.034728e+02
3.358200e+08,-5.034651e+01,-1.148771e+02,-1.067942e+02
3.366133e+08,-5.044905e+01,-1.174346e+02,-1.047583e+02
3.374067e+08,-5.046858e+01,-1.158164e+02,-1.069212e+02
3.382000e+08,-5.052718e+01,-1.130951e+02,-1.056207e+02
3.389933e+08,-5.062972e+01,-1.143741e+02,-1.033335e+02
3.397867e+08,-5.067366e+01,-1.172967e+02,-1.081949e+02
3.405800e+08,-5.077132e+01,-1.194225e+02,-1.058959e+02
3.413733e+08,-5.085921e+01,-1.119333e+02,-1.046679e+02
3.421667e+08,-5.084944e+01,-1.139789e+02,-1.048381e+02
3.429600e+08,-5.096175e+01,-1.132205e+02,-1.053709e+02
3.437533e+08,-5.100081e+01,-1.155705e+02,-1.044322e+02
3.445467e+08,-5.099593e+01,-1.157769e+02,-1.071389e+02
3.453400e+08,-5.111800e+01,-1.141930e+02,-1.066255e+02
3.461333e+08,-5.112288e+01,-1.164779e+02,-1.058943e+02
3.469267e+08,-5.119124e+01,-1.133498e+02,-1.075716e+02
3.477200e+08,-5.125960e+01,-1.147490e+02,-1.043588e+02
3.485133e+08,-5.132308e+01,-1.148568e+02,-1.069538e+02
3.493067e+08,-5.133772e+01,-1.141944e+02,-1.027567e+02
3.501000e+08,-5.138167e+01,-1.149202e+02,-1.121069e+02
3.508933e+08,-5.139632e+01,-1.179228e+02,-1.048585e+02
3.516867e+08,-5.150862e+01,-1.149214e+02,-1.055872e+02
3.524800e+08,-5.149886e+01,-1.163804e+02,-1.055145e+02
3.532733e+08,-5.154280e+01,-1.132795e+02,-1.038902e+02
3.540667e+08,-5.166976e+01,-1.138134e+02,-1.046291e+02
3.548600e+08,-5.165022e+01,-1.165943e+02,-1.056410e+02
3.556533e+08,-5.170394e+01,-1.160521e+02,-1.072505e+02
3.564467e+08,-5.170882e+01,-1.144079e+02,-1.077239e+02
3.572400e+08,-5.176741e+01,-1.157872e+02,-1.075464e+02
3.580333e+08,-5.181136e+01,-1.160700e+02,-1.052290e+02
3.588267e+08,-5.182112e+01,-1.135912e+02,-1.089305e+02
3.596200e+08,-5.183089e+01,-1.179386e+02,-1.051475e+02
3.604133e+08,-5.191878e+01,-1.144183e+02,-1.057788e+02
3.612067e+08,-5.194319e+01,-1.148424e+02,-1.042854e+02
3.620000e+08,-5.195784e+01,-1.155140e+02,-1.077928e+02
3.627933e+08,-5.202620e+01,-1.129688e+02,-1.075788e+02
3.635867e+08,-5.203108e+01,-1.152733e+02,-1.072583e+02
3.643800e+08,-5.208968e+01,-1.156924e+02,-1.072966e+02
3.651733e+08,-5.212874e+01,-1.155445e+02,-1.064086e+02
3.659667e+08,-5.219710e+01,-1.156181e+02,-1.037441e+02
3.667600e+08,-5.224593e+01,-1.151075e+02,-1.060293e+02
3.675533e+08,-5.226546e+01,-1.163817e+02,-1.064394e+02
3.683467e+08,-5.228011e+01,-1.147378e+02,-1.096903e+02
3.691400e+08,-5.238265e+01,-1.155351e+02,-1.085138e+02
3.699333e+08,-5.241194e+01,-1.136721e+02,-1.040502e+02
3.707267e+08,-5.246565e+01,-1.117535e+02,-1.058846e+02
3.715200e+08,-5.250960e+01,-1.146261e+02,-1.093870e+02
3.723133e+08,-5.249495e+01,-1.158197e+02,-1.071017e+02
3.731067e+08,-5.263167e+01,-1.190029e+02,-1.047850e+02
3.739000e+08,-5.263655e+01,-1.146930e+02,-1.045921e+02
3.746933e+08,-5.262679e+01,-1.141011e+02,-1.122334e+02
3.754867e+08,-5.272933e+01,-1.153373e+02,-1.066321e+02
3.762800e+08,-5.280745e+01,-1.150764e+02,-1.052204e+02
3.770733e+08,-5.277815e+01,-1.154265e+02,-1.046974e+02
3.778667e+08,-5.291487e+01,-1.167684e+02,-1.086191e+02
3.786600e+08,-5.291487e+01,-1.138016e+02,-1.060057e+02
3.794533e+08,-5.294905e+01,-1.184559e+02,-1.092720e+02
3.802467e+08,-5.302718e+01,-1.132578e+02,-1.079417e+02
3.810400e+08,-5.306136e+01,-1.146317e+02,-1.060920e+02
3.818333e+08,-5.312972e+01,-1.126878e+02,-1.081834e+02
3.826267e+08,-5.315413e+01,-1.109454e+02,-1.088946e+02
3.834200e+08,-5.317855e+01,-1.142540e+02,-1.085602e+02
3.842133e+08,-5.326155e+01,-1.161475e+02,-1.079758e+02
3.850067e+08,-5.323714e+01,-1.152665e+02,-1.089097e+02
3.858000e+08,-5.326644e+01,-1.151104e+02,-1.072244e+02
3.865933e+08,-5.337386e+01,-1.162096e+02,-1.062961e+02
3.873867e+08,-5.337386e+01,-1.123749e+02,-1.057734e+02
3.881800e+08,-5.344710e+01,-1.135392e+02,-1.044634e+02
3.889733e+08,-5.346663e+01,-1.161700e+02,-1.072608e+02
3.897667e+08,-5.348616e+01,-1.150106e+02,-1.079685e+02
3.905600e+08,-5.350569e+01,-1.142723e+02,-1.064691e+02
3.913533e+08,-5.353987e+01,-1.160383e+02,-1.110423e+02
3.921467e+08,-5.355940e+01,-1.159583e+02,-1.071407e+02
3.929400e+08,-5.363265e+01,-1.171346e+02,-1.053411e+02
3.937333e+08,-5.366683e+01,-1.134029e+02,-1.096324e+02
3.945267e+08,-5.363753e+01,-1.161492e+02,-1.076392e+02
3.953200e+08,-5.374983e+01,-1.145627e+02,-1.088171e+02
3.961133e+08,-5.377913e+01,-1.159999e+02,-1.075294e+02
3.969067e+08,-5.383284e+01,-1.149732e+02,-1.075716e+02
3.977000e+08,-5.384749e+01,-1.156051e+02,-1.085722e+02
3.984933e+08,-5.391097e+01,-1.122872e+02,-1.106891e+02
3.992867e+08,-5.391097e+01,-1.146235e+02,-1.057246e+02
4.000800e+08,-5.389632e+01,-1.143109e+02,-1.033789e+02
4.008733e+08,-5.392562e+01,-1.168891e+02,-1.078341e+02
4.016667e+08,-5.399886e+01,-1.136329e+02,-1.066083e+02
4.024600e+08,-5.400862e+01,-1.140478e+02,-1.128261e+02
4.032533e+08,-5.401839e+01,-1.167900e+02,-1.074911e+02
4.040467e+08,-5.403304e+01,-1.169257e+02,-1.106021e+02
4.048400e+08,-5.403304e+01,-1.142561e+02,-1.074942e+02
4.056333e+08,-5.405257e+01,-1.169812e+02,-1.078396e+02
4.064267e+08,-5.410628e+01,-1.145178e+02,-1.124907e+02
4.072200e+08,-5.406233e+01,-1.149562e+02,-1.072100e+02
4.080133e+08,-5.414046e+01,-1.137992e+02,-1.084299e+02
4.088067e+08,-5.405257e+01,-1.126710e+02,-1.082174e+02
4.096000e+08,-5.409651e+01,-1.125204e+02,-1.085750e+02
4.103933e+08,-5.415511e+01,-1.154043e+02,-1.074289e+02
4.111867e+08,-5.407698e+01,-1.115135e+02,-1.039801e+02
4.119800e+08,-5.414046e+01,-1.148223e+02,-1.087833e+02
4.127733e+08,-5.409651e+01,-1.129734e+02,-1.055816e+02
4.135667e+08,-5.408187e+01,-1.116693e+02,-1.080855e+02
4.143600e+08,-5.408187e+01,-1.154500e+02,-1.076076e+02
4.151533e+08,-5.409163e+01,-1.166790e+02,-1.042905e+02
4.159467e+08,-5.407210e+01,-1.116234e+02,-1.087003e+02
4.167400e+08,-5.411605e+01,-1.134484e+02,-1.073863e+02
4.175333e+08,-5.406722e+01,-1.157675e+02,-1.080379e+02
4.183267e+08,-5.405257e+01,-1.156626e+02,-1.057288e+02
4.191200e+08,-5.405745e+01,-1.143730e+02,-1.052643e+02
4.199133e+08,-5.400862e+01,-1.158764e+02,-1.086040e+02
4.207067e+08,-5.403304e+01,-1.133460e+02,-1.073076e+02
4.215000e+08,-5.408187e+01,-1.136715e+02,-1.055205e+02
4.222933e+08,-5.401351e+01,-1.135100e+02,-1.086337e+02
4.230867e+08,-5.400374e+01,-1.138076e+02,-1.064041e+02
4.238800e+08,-5.403792e+01,-1.134036e+02,-1.066625e+02
4.246733e+08,-5.397933e+01,-1.159971e+02,-1.076949e+02
4.254667e+08,-5.401839e+01,-1.149584e+02,-1.086001e+02
4.262600e+08,-5.400862e+01,-1.115949e+02,-1.049064e+02
4.270533e+08,-5.402327e+01,-1.147736e+02,-1.091305e+02
4.278467e+08,-5.404280e+01,-1.184608e+02,-1.049429e+02
4.286400e+08,-5.402327e+01,-1.156907e+02,-1.072087e+02
4.294333e+08,-5.398909e+01,-1.137972e+02,-1.051287e+02
4.302267e+08,-5.399886e+01,-1.167520e+02,-1.140194e+02
4.310200e+08,-5.400862e+01,-1.146867e+02,-1.097215e+02
4.318133e+08,-5.399886e+01,-1.138967e+02,-1.123665e+02
4.326067e+08,-5.392562e+01,-1.154863e+02,-1.087832e+02
4.334000e+08,-5.394026e+01,-1.129266e+02,-1.075728e+02
4.341933e+08,-5.401839e+01,-1.188908e+02,-1.104862e+02
4.349867e+08,-5.392562e+01,-1.143030e+02,-1.089897e+02
4.357800e+08,-5.391585e+01,-1.130250e+02,-1.070898e+02
4.365733e+08,-5.395003e+01,-1.149260e+02,-1.069084e+02
4.373667e+08,-5.391585e+01,-1.148018e+02,-1.083898e+02
4.381600e+08,-5.392073e+01,-1.154414e+02,-1.071371e+02
4.389533e+08,-5.393050e+01,-1.126201e+02,-1.051273e+02
4.397467e+08,-5.386214e+01,-1.136176e+02,-1.097400e+02
4.405400e+08,-5.390608e+01,-1.152415e+02,-1.052036e+02
4.413333e+08,-5.390120e+01,-1.165235e+02,-1.062307e+02
4.421267e+08,-5.386214e+01,-1.178323e+02,-1.064560e+02
4.429200e+08,-5.397444e+01,-1.141089e+02,-1.074883e+02
4.437133e+08,-5.394026e+01,-1.164777e+02,-1.083655e+02
4.445067e+08,-5.391585e+01,-1.173564e+02,-1.067507e+02
4.453000e+08,-5.400862e+01,-1.129345e+02,-1.068225e+02
4.460933e+08,-5.395003e+01,-1.141236e+02,-1.123289e+02
4.468867e+08,-5.400862e+01,-1.116730e+02,-1.070440e+02
4.476800e+08,-5.402327e+01,-1.150780e+02,-1.057028e+02
4.484733e+08,-5.400862e+01,-1.122389e+02,-1.070043e+02
4.492667e+08,-5.408187e+01,-1.141424e+02,-1.068742e+02
4.500600e+08,-5.412093e+01,-1.144602e+02,-1.086035e+02
4.508533e+08,-5.412093e+01,-1.127775e+02,-1.106004e+02
4.516467e+08,-5.421370e+01,-1.157691e+02,-1.059178e+02
4.524400e+08,-5.420394e+01,-1.142468e+02,-1.066332e+02
4.532333e+08,-5.426741e+01,-1.128290e+02,-1.061627e+02
4.540267e+08,-5.430159e+01,-1.116749e+02,-1.042897e+02
4.548200e+08,-5.433089e+01,-1.145743e+02,-1.042711e+02
4.556133e+08,-5.441390e+01,-1.141332e+02,-1.091994e+02
4.564067e+08,-5.445784e+01,-1.145182e+02,-1.099414e+02
4.572000e+08,-5.450179e+01,-1.116480e+02,-1.122131e+02
4.579933e+08,-5.455550e+01,-1.139273e+02,-1.066842e+02
4.587867e+08,-5.453108e+01,-1.142260e+02,-1.060235e+02
4.595800e+08,-5.461897e+01,-1.150046e+02,-1.065088e+02
4.603733e+08,-5.468245e+01,-1.134537e+02,-1.067864e+02
4.611667e+08,-5.470687e+01,-1.130357e+02,-1.094692e+02
4.619600e+08,-5.473616e+01,-1.135640e+02,-1.079112e+02
4.627533e+08,-5.483870e+01,-1.156726e+02,-1.085073e+02
4.635467e+08,-5.488265e+01,-1.124992e+02,-1.068942e+02
4.643400e+08,-5.497054e+01,-1.158527e+02,-1.075580e+02
4.651333e+08,-5.500960e+01,-1.142798e+02,-1.079950e+02
4.659267e+08,-5.501448e+01,-1.121958e+02,-1.061752e+02
4.667200e+08,-5.516585e+01,-1.142161e+02,-1.097092e+02
4.675133e+08,-5.518538e+01,-1.158679e+02,-1.061877e+02
4.683067e+08,-5.525862e+01,-1.144049e+02,-1.092864e+02
4.691000e+08,-5.538069e+01,-1.128601e+02,-1.057992e+02
4.698933e+08,-5.540511e+01,-1.157579e+02,-1.105457e+02
4.706867e+08,-5.550765e+01,-1.136115e+02,-1.074512e+02
4.714800e+08,-5.563948e+01,-1.145810e+02,-1.065201e+02
4.722733e+08,-5.563460e+01,-1.140707e+02,-1.103664e+02
4.730667e+08,-5.578108e+01,-1.152967e+02,-1.065272e+02
4.738600e+08,-5.582015e+01,-1.140831e+02,-1.048313e+02
4.746533e+08,-5.590315e+01,-1.114131e+02,-1.065866e+02
4.754467e+08,-5.604476e+01,-1.121993e+02,-1.074719e+02
4.762400e+08,-5.609358e+01,-1.148135e+02,-1.059266e+02
4.770333e+08,-5.617171e+01,-1.153516e+02,-1.079405e+02
4.778267e+08,-5.632308e+01,-1.124882e+02,-1.091067e+02
4.786200e+08,-5.638655e+01,-1.158741e+02,-1.088680e+02
4.794133e+08,-5.647444e+01,-1.132194e+02,-1.071711e+02
4.802067e+08,-5.654769e+01,-1.123361e+02,-1.102016e+02
4.810000e+08,-5.660140e+01,-1.125345e+02,-1.079535e+02
4.817933e+08,-5.675276e+01,-1.154307e+02,-1.052723e+02
4.825867e+08,-5.677718e+01,-1.107968e+02,-1.092479e+02
4.833800e+08,-5.685530e+01,-1.143328e+02,-1.071762e+02
4.841733e+08,-5.702620e+01,-1.147421e+02,-1.074424e+02
4.849667e+08,-5.711409e+01,-1.120097e+02,-1.100588e+02
4.857600e+08,-5.718245e+01,-1.125324e+02,-1.079774e+02
4.865533e+08,-5.728987e+01,-1.157345e+02,-1.060485e+02
4.873467e+08,-5.731917e+01,-1.132082e+02,-1.061844e+02
4.881400e+08,-5.739241e+01,-1.151385e+02,-1.103563e+02
4.889333e+08,-5.743636e+01,-1.157674e+02,-1.130145e+02
4.897267e+08,-5.751937e+01,-1.144564e+02,-1.070145e+02
4.905200e+08,-5.768050e+01,-1.137218e+02,-1.108241e+02
4.913133e+08,-5.772444e+01,-1.142446e+02,-1.089784e+02
4.921067e+08,-5.777327e+01,-1.130576e+02,-1.086274e+02
4.929000e+08,-5.785140e+01,-1.179729e+02,-1.128395e+02
4.936933e+08,-5.789534e+01,-1.142727e+02,-1.063500e+02
4.944867e+08,-5.795882e+01,-1.168143e+02,-1.107375e+02
4.952800e+08,-5.808577e+01,-1.150428e+02,-1.105045e+02
4.960733e+08,-5.811507e+01,-1.147932e+02,-1.067471e+02
4.968667e+08,-5.821272e+01,-1.154200e+02,-1.108664e+02
4.976600e+08,-5.830062e+01,-1.153532e+02,-1.095735e+02
4.984533e+08,-5.832503e+01,-1.169958e+02,-1.056682e+02
4.992467e+08,-5.846663e+01,-1.134653e+02,-1.094420e+02
5.000400e+08,-5.849105e+01,-1.129270e+02,-1.101143e+02
5.008333e+08,-5.861312e+01,-1.134864e+02,-1.093141e+02
5.016267e+08,-5.869612e+01,-1.134776e+02,-1.111967e+02
5.024200e+08,-5.873519e+01,-1.156101e+02,-1.110377e+02
5.032133e+08,-5.884261e+01,-1.139661e+02,-1.066405e+02
5.040067e+08,-5.896956e+01,-1.151092e+02,-1.088430e+02
5.048000e+08,-5.897933e+01,-1.119935e+02,-1.085205e+02
5.055933e+08,-5.913069e+01,-1.133530e+02,-1.091088e+02
5.063867e+08,-5.918929e+01,-1.134961e+02,-1.124055e+02
5.071800e+08,-5.923323e+01,-1.144839e+02,-1.087237e+02
5.079733e+08,-5.933089e+01,-1.123245e+02,-1.093930e+02
5.087667e+08,-5.937483e+01,-1.123295e+02,-1.104547e+02
5.095600e+08,-5.945296e+01,-1.140536e+02,-1.113991e+02
5.103533e+08,-5.966780e+01,-1.145649e+02,-1.116039e+02
5.111467e+08,-5.962386e+01,-1.125366e+02,-1.135121e+02
5.119400e+08,-5.969222e+01,-1.183616e+02,-1.099006e+02
5.127333e+08,-5.981429e+01,-1.186232e+02,-1.118274e+02
5.135267e+08,-5.984847e+01,-1.139380e+02,-1.102002e+02
5.143200e+08,-5.998030e+01,-1.159617e+02,-1.088315e+02
5.151133e+08,-5.998519e+01,-1.151162e+02,-1.086221e+02
5.159067e+08,-6.005355e+01,-1.149314e+02,-1.078539e+02
5.167000e+08,-6.013167e+01,-1.127470e+02,-1.082024e+02
5.174933e+08,-6.024886e+01,-1.153875e+02,-1.062207e+02
5.182867e+08,-6.030745e+01,-1.153363e+02,-1.120981e+02
5.190800e+08,-6.041976e+01,-1.155235e+02,-1.081160e+02
5.198733e+08,-6.046858e+01,-1.152780e+02,-1.092047e+02
5.206667e+08,-6.052718e+01,-1.116386e+02,-1.122914e+02
5.214600e+08,-6.060042e+01,-1.173348e+02,-1.118477e+02
5.222533e+08,-6.063460e+01,-1.134442e+02,-1.104534e+02
5.230467e+08,-6.070784e+01,-1.137029e+02,-1.105592e+02
5.238400e+08,-6.080062e+01,-1.146062e+02,-1.115274e+02
5.246333e+08,-6.083968e+01,-1.134197e+02,-1.124946e+02
5.254267e+08,-6.098128e+01,-1.151162e+02,-1.097938e+02
5.262200e+08,-6.101058e+01,-1.113514e+02,-1.098733e+02
5.270133e+08,-6.108382e+01,-1.133422e+02,-1.115950e+02
5.278067e+08,-6.119612e+01,-1.132796e+02,-1.087045e+02
5.286000e+08,-6.123519e+01,-1.148733e+02,-1.115860e+02
5.293933e+08,-6.137679e+01,-1.147812e+02,-1.090592e+02
5.301867e+08,-6.143538e+01,-1.154462e+02,-1.114703e+02
5.309800e+08,-6.149886e+01,-1.173382e+02,-1.113061e+02
5.317733e+08,-6.160628e+01,-1.124552e+02,-1.117606e+02
5.325667e+08,-6.165511e+01,-1.131731e+02,-1.065276e+02
5.333600e+08,-6.170882e+01,-1.146488e+02,-1.083409e+02
5.341533e+08,-6.178694e+01,-1.152947e+02,-1.118795e+02
5.349467e+08,-6.189437e+01,-1.141783e+02,-1.093442e+02
5.357400e+08,-6.196272e+01,-1.182759e+02,-1.119924e+02
5.365333e+08,-6.205550e+01,-1.181972e+02,-1.105690e+02
5.373267e+08,-6.213362e+01,-1.148460e+02,-1.145575e+02
5.381200e+08,-6.225081e+01,-1.209854e+02,-1.097912e+02
5.389133e+08,-6.226546e+01,-1.154109e+02,-1.100830e+02
5.397067e+08,-6.235823e+01,-1.132129e+02,-1.118051e+02
5.405000e+08,-6.246077e+01,-1.140071e+02,-1.125862e+02
5.412933e+08,-6.250472e+01,-1.196278e+02,-1.111123e+02
5.420867e+08,-6.257796e+01,-1.147494e+02,-1.107575e+02
5.428800e+08,-6.266097e+01,-1.175327e+02,-1.114338e+02
5.436733e+08,-6.275374e+01,-1.137130e+02,-1.138746e+02
5.444667e+08,-6.279769e+01,-1.137506e+02,-1.115758e+02
5.452600e+08,-6.290022e+01,-1.132490e+02,-1.153321e+02
5.460533e+08,-6.298323e+01,-1.128075e+02,-1.139866e+02
5.468467e+08,-6.309065e+01,-1.150313e+02,-1.123438e+02
5.476400e+08,-6.320296e+01,-1.156236e+02,-1.098344e+02
5.484333e+08,-6.317366e+01,-1.153603e+02,-1.128457e+02
5.492267e+08,-6.335433e+01,-1.139350e+02,-1.127440e+02
5.500200e+08,-6.345198e+01,-1.141554e+02,-1.126727e+02
5.508133e+08,-6.345198e+01,-1.133483e+02,-1.138840e+02
5.516067e+08,-6.360335e+01,-1.133199e+02,-1.110385e+02
5.524000e+08,-6.361800e+01,-1.144041e+02,-1.081358e+02
5.531933e+08,-6.364730e+01,-1.189486e+02,-1.127746e+02
5.539867e+08,-6.380355e+01,-1.130322e+02,-1.135606e+02
5.547800e+08,-6.389632e+01,-1.145558e+02,-1.120512e+02
5.555733e+08,-6.394026e+01,-1.155782e+02,-1.142768e+02
5.563667e+08,-6.396468e+01,-1.151628e+02,-1.087569e+02
5.571600e+08,-6.404769e+01,-1.199542e+02,-1.122512e+02
5.579533e+08,-6.420394e+01,-1.102419e+02,-1.111916e+02
5.587467e+08,-6.420882e+01,-1.189612e+02,-1.101977e+02
5.595400e+08,-6.428206e+01,-1.134890e+02,-1.124010e+02
5.603333e+08,-6.439437e+01,-1.149255e+02,-1.118903e+02
5.611267e+08,-6.445784e+01,-1.150864e+02,-1.121026e+02
5.619200e+08,-6.453597e+01,-1.138994e+02,-1.150698e+02
5.627133e+08,-6.459944e+01,-1.153717e+02,-1.153039e+02
5.635067e+08,-6.468733e+01,-1.120879e+02,-1.123797e+02
5.643000e+08,-6.480940e+01,-1.141458e+02,-1.124828e+02
5.650933e+08,-6.481917e+01,-1.150270e+02,-1.115774e+02
5.658867e+08,-6.496077e+01,-1.141979e+02,-1.129319e+02
5.666800e+08,-6.498519e+01,-1.140869e+02,-1.118592e+02
5.674733e+08,-6.504866e+01,-1.121801e+02,-1.110793e+02
5.682667e+08,-6.507308e+01,-1.155156e+02,-1.111459e+02
5.690600e+08,-6.522444e+01,-1.152121e+02,-1.095387e+02
5.698533e+08,-6.528304e+01,-1.161819e+02,-1.112657e+02
5.706467e+08,-6.534163e+01,-1.135958e+02,-1.139979e+02
5.714400e+08,-6.538069e+01,-1.122692e+02,-1.127512e+02
5.722333e+08,-6.547347e+01,-1.125644e+02,-1.113703e+02
5.730267e+08,-6.552718e+01,-1.157254e+02,-1.113483e+02
5.738200e+08,-6.558089e+01,-1.128132e+02,-1.138403e+02
5.746133e+08,-6.560042e+01,-1.138022e+02,-1.110961e+02
5.754067e+08,-6.573226e+01,-1.154557e+02,-1.127311e+02
5.762000e+08,-6.566878e+01,-1.133454e+02,-1.105549e+02
5.769933e+08,-6.578108e+01,-1.132925e+02,-1.098090e+02
5.777867e+08,-6.583968e+01,-1.150746e+02,-1.123492e+02
5.785800e+08,-6.590315e+01,-1.128672e+02,-1.115266e+02
5.793733e+08,-6.599105e+01,-1.151855e+02,-1.118235e+02
5.801667e+08,-6.600081e+01,-1.152434e+02,-1.112323e+02
5.809600e+08,-6.606429e+01,-1.146582e+02,-1.103475e+02
5.817533e+08,-6.620589e+01,-1.139370e+02,-1.115793e+02
5.825467e+08,-6.616194e+01,-1.192454e+02,-1.118209e+02
5.833400e+08,-6.622542e+01,-1.154961e+02,-1.093459e+02
5.841333e+08,-6.626937e+01,-1.142431e+02,-1.118873e+02
5.849267e+08,-6.625960e+01,-1.140989e+02,-1.114032e+02
5.857200e+08,-6.639144e+01,-1.140034e+02,-1.153338e+02
5.865133e+08,-6.646468e+01,-1.143496e+02,-1.168104e+02
5.873067e+08,-6.642562e+01,-1.150980e+02,-1.082459e+02
5.881000e+08,-6.653792e+01,-1.153346e+02,-1.122075e+02
5.888933e+08,-6.647444e+01,-1.154785e+02,-1.130471e+02
5.896867e+08,-6.654769e+01,-1.136115e+02,-1.138338e+02
5.904800e+08,-6.667464e+01,-1.177669e+02,-1.110051e+02
5.912733e+08,-6.664534e+01,-1.167104e+02,-1.113016e+02
5.920667e+08,-6.671370e+01,-1.174410e+02,-1.123461e+02
5.928600e+08,-6.682112e+01,-1.117128e+02,-1.155032e+02
5.936533e+08,-6.676741e+01,-1.131752e+02,-1.126551e+02
5.944467e+08,-6.688460e+01,-1.150517e+02,-1.136701e+02
5.952400e+08,-6.696761e+01,-1.155506e+02,-1.133514e+02
5.960333e+08,-6.694808e+01,-1.120391e+02,-1.127985e+02
5.968267e+08,-6.701644e+01,-1.137399e+02,-1.156121e+02
5.976200e+08,-6.703597e+01,-1.143583e+02,-1.100688e+02
5.984133e+08,-6.705062e+01,-1.158759e+02,-1.128514e+02
5.992067e+08,-6.714827e+01,-1.128833e+02,-1.153387e+02
6.000000e+08,-6.721175e+01,-1.128666e+02,-1.116631e+02
